4,,,,,,,,,,,,,,,,,,,,,,,,,,,,,,,,,,,,,,,,,,,,,,,,
,,,,,,,,,,,,,,,,,-----------------------------------------------------------------------------,,,,,,,,,,,,,,,,,,,,,,,,,,,,,,,
,,,formatos tabela,,,,,,,,,,,,,,,,,,,,,,,,,,,,,,,,,,,,,,,,,,,,,
,,,,,,,,,,,,,,,,,,,,,,,,,,,,,,,,,,,,,,,,,,,,,,,,
,,,,,,,,,,,,,,,,,,,,,,,,,,,,,,,,,,,,,,,,,,,,,,,,
,,13,RecDesp,VerificaCat,VerificaSub,ConsiderarBI,AnoDataaux,MesDataaux,Dataaux,Dataaux2,Data de Competência,Data de Vencimento,Centro de Custo,Cliente / Fornecedor,Instituição Financeira,Forma de Pagamento,Categoria,Subcategoria,Descrição,Valor,Data de Efetivação,Status,Nota Fiscal,,,,,,,,,,,,,,,,,,,,,,,,,
,,,Contas a receber,1,1,,2025,dez,12/1/2025,12/31/2025,12/31/2025,12/31/2025,BJL,,ITAU - Principal,Débito em conta,Receitas financeiras,Receitas financeiras,Lucro do ano anterior,"R$  36,431.17 ",12/31/2025, Concluído,,,,,,,,,,,,,,,,,,,,,,,,,,
,,,Contas a receber,1,1,,2026,jan,1/1/2026,1/1/2026,1/1/2026,1/1/2026,Serviço,Janaina (Mãe de Jhenniffer),ITAU - Principal,PIX,Receita com prestação de serviços,Parcela - Plan.,Parcela 1/10; Produção de uma cabeceira ,R$  280.00 ,1/1/2026, Concluído,,,,,,,,,,,,,,,,,,,,,,,,,,
,,,Contas a pagar,1,1,,2026,jan,1/1/2026,1/1/2026,12/4/2025,1/2/2026,Serviço,C H M MORAIS E CIA LTDA,ITAU - Principal,Boleto,Custo dos serviços,Compra de material,Parcela 1/3; Compra de material na C&D,R$  579.75 ,1/1/2026, Concluído,36659,,,,,,,,,,,,,,,,,,,,,,,,,
,,,Contas a pagar,1,1,,2026,jan,1/1/2026,1/1/2026,12/4/2025,1/8/2026,Serviço,C H M MORAIS E CIA LTDA,ITAU - Principal,Boleto,Custo dos serviços,Compra de material,Parcela 1/3; Compra de Material C&D,R$  936.66 ,1/1/2026, Concluído,36694,,,,,,,,,,,,,,,,,,,,,,,,,
,,,Contas a pagar,1,1,,2026,jan,1/1/2026,1/4/2026,12/5/2026,1/5/2026,Setor Administrativo,,ITAU - Principal,PIX,Despesas administrativas,Energia,"Conta de Energia - Referente ao Ms 1/2026 (Despesa recorrente)""",R$  310.27 ,1/4/2026, Concluído,,,,,,,,,,,,,,,,,,,,,,,,,,
,,,Contas a pagar,1,1,,2026,jan,1/1/2026,1/4/2026,12/10/2025,1/10/2026,Setor Administrativo,,ITAU - Principal,PIX,Despesas administrativas,Água,"Conta de água - Referente ao Ms 1/2026 (Despesa recorrente)""",R$  153.34 ,1/4/2026, Concluído,,,,,,,,,,,,,,,,,,,,,,,,,,
,,,Contas a pagar,1,1,,2026,jan,1/1/2026,1/4/2026,12/4/2025,1/4/2026,Serviço,Mercado Livre,ITAU - Principal,PIX,Maquinario,Maquinario - Editar esta Sub,Compra de metalom para serviço,R$  315.13 ,1/4/2026, Concluído,,,,,,,,,,,,,,,,,,,,,,,,,,
,,,Contas a pagar,1,1,,2026,jan,1/1/2026,1/4/2026,12/4/2025,1/10/2026,Setor Administrativo,Mercado Livre,ITAU - Principal,PIX,Despesas administrativas,Telefone,Parcela 1/9; Compra do Iphone,R$  131.00 ,1/4/2026, Concluído,,,,,,,,,,,,,,,,,,,,,,,,,,
,,,Contas a pagar,1,1,,2026,jan,1/1/2026,1/4/2026,12/4/2025,1/10/2026,BJL,Mercado Livre,ITAU - Principal,PIX,Maquinario,Maquinario - Editar esta Sub,Parcela 1/11; Compra de parafusadeira de walt,R$  79.73 ,1/4/2026, Concluído,,,,,,,,,,,,,,,,,,,,,,,,,,
,,,Contas a pagar,1,1,,2026,jan,1/1/2026,1/4/2026,12/4/2025,1/10/2026,BJL,Mercado Livre,ITAU - Principal,PIX,Despesas administrativas,Telefone,Parcela 1/11; Compra do Iphone,R$  118.50 ,1/4/2026, Concluído,,,,,,,,,,,,,,,,,,,,,,,,,,
,,,Contas a pagar,1,1,,2026,jan,1/1/2026,1/4/2026,12/4/2025,1/12/2026,Serviço,C H M MORAIS E CIA LTDA,ITAU - Principal,Boleto,Custo dos serviços,Compra de material,Material na C&D,R$  828.38 ,1/4/2026, Concluído,35888,,,,,,,,,,,,,,,,,,,,,,,,,
,,,Contas a pagar,1,1,,2026,jan,1/1/2026,1/4/2026,12/5/2026,1/5/2026,Setor Administrativo,,ITAU - Principal,PIX,Despesas com pessoal,Salários,"Salário Felipe - Referente ao Ms 1/2026 (Despesa recorrente)""","R$  2,500.00 ",1/4/2026, Concluído,,,,,,,,,,,,,,,,,,,,,,,,,,
,,,Contas a pagar,1,1,,2026,jan,1/1/2026,1/4/2026,12/10/2026,1/10/2026,Setor Administrativo,,ITAU - Principal,PIX,Despesas administrativas,Aluguel,"Aluguel do galpão  - Referente ao Ms 1/2026 (Despesa recorrente)""",R$  800.00 ,1/4/2026, Concluído,,,,,,,,,,,,,,,,,,,,,,,,,,
,,,Contas a pagar,1,1,,2026,jan,1/1/2026,1/4/2026,12/10/2026,1/10/2026,Setor Contabilidade,,ITAU - Principal,PIX,Serviços de terceiros,Contabilidade,"Contadora - Referente ao Ms 1/2026 (Despesa recorrente)""",R$  300.00 ,1/4/2026, Concluído,,,,,,,,,,,,,,,,,,,,,,,,,,
,,,Contas a pagar,1,1,,2026,jan,1/1/2026,1/4/2026,12/4/2025,1/19/2026,Serviço,C H M MORAIS E CIA LTDA,ITAU - Principal,Boleto,Custo dos serviços,Compra de material,Material na C&D,R$  813.06 ,1/4/2026, Concluído,35887,,,,,,,,,,,,,,,,,,,,,,,,,
,,,Contas a pagar,1,1,,2026,jan,1/1/2026,1/4/2026,12/4/2025,1/26/2026,Serviço,C H M MORAIS E CIA LTDA,ITAU - Principal,Boleto,Custo dos serviços,Compra de material,Material na C&D,"R$  1,207.68 ",1/4/2026, Concluído,35987,,,,,,,,,,,,,,,,,,,,,,,,,
,,,Contas a pagar,1,1,,2026,jan,1/1/2026,1/4/2026,10/10/2025,1/10/2026,,BRUTA MADEIRAS LTDA,ITAU - Principal,Cartão Nubank,Custo dos serviços,Compra de material,Parcela 1/2; Compra na Bruta,R$  324.90 ,1/4/2026, Concluído,,,,,,,,,,,,,,,,,,,,,,,,,,
,,,Contas a pagar,1,1,,2026,jan,1/1/2026,1/4/2026,12/10/2025,1/10/2026,,BRUTA MADEIRAS LTDA,ITAU - Principal,Cartão Nubank,Custo dos serviços,Compra de material,Parcela 1/4; Compra de material na Bruta,R$  405.50 ,1/4/2026, Concluído,,,,,,,,,,,,,,,,,,,,,,,,,,
,,,Contas a pagar,1,1,,2026,jan,1/1/2026,1/4/2026,12/4/2025,1/10/2026,Serviço,BRUTA MADEIRAS LTDA,ITAU - Principal,Cartão Nubank,Custo dos serviços,Compra de material,Compra de material na Bruta ,R$  138.32 ,1/4/2026, Concluído,,,,,,,,,,,,,,,,,,,,,,,,,,
,,,Contas a pagar,1,1,,2026,jan,1/1/2026,1/4/2026,12/4/2025,1/10/2026,Serviço,BRUTA MADEIRAS LTDA,ITAU - Principal,Cartão Nubank,Custo dos serviços,Compra de material,Parcela 1/2; Compra de material na Bruta,R$  14.75 ,1/4/2026, Concluído,,,,,,,,,,,,,,,,,,,,,,,,,,
,,,Contas a pagar,1,1,,2026,jan,1/1/2026,1/4/2026,12/4/2025,1/10/2026,Serviço,BRUTA MADEIRAS LTDA,ITAU - Principal,Cartão Nubank,Custo dos serviços,Compra de material,Parcela 1/3; Compra de material Bruta,R$  307.00 ,1/4/2026, Concluído,,,,,,,,,,,,,,,,,,,,,,,,,,
,,,Contas a pagar,1,1,,2026,jan,1/1/2026,1/4/2026,12/4/2025,1/10/2026,Serviço,BRUTA MADEIRAS LTDA,ITAU - Principal,Cartão Nubank,Custo dos serviços,Compra de material,Parcela 1/3; Compra de Material na Bruta,R$  277.00 ,1/4/2026, Concluído,,,,,,,,,,,,,,,,,,,,,,,,,,
,,,Contas a pagar,1,1,,2026,jan,1/1/2026,1/4/2026,12/4/2025,1/10/2026,Serviço,BRUTA MADEIRAS LTDA,ITAU - Principal,Cartão Inter,Custo dos serviços,Compra de material,Compra de material na Bruta ,R$  334.13 ,1/4/2026, Concluído,,,,,,,,,,,,,,,,,,,,,,,,,,
,,,Contas a pagar,1,1,,2026,jan,1/1/2026,1/4/2026,12/4/2025,1/10/2026,Serviço,BRUTA MADEIRAS LTDA,ITAU - Principal,Cartão Inter,Custo dos serviços,Compra de material,Compra de material na Bruta ,R$  289.35 ,1/4/2026, Concluído,,,,,,,,,,,,,,,,,,,,,,,,,,
,,,Contas a pagar,1,1,,2026,jan,1/1/2026,1/4/2026,12/4/2025,1/10/2026,BJL,Mercado Livre,ITAU - Principal,Cartão Inter,Maquinario,Maquinario - Editar esta Sub,Parcela 1/7; Compra da coladeira de borda ,R$  522.00 ,1/4/2026, Concluído,,,,,,,,,,,,,,,,,,,,,,,,,,
,,,Contas a pagar,1,1,,2026,jan,1/1/2026,1/4/2026,12/4/2025,1/10/2026,BJL,Mercado Livre,ITAU - Principal,Cartão Inter,Maquinario,Maquinario - Editar esta Sub,Parcela 1/7; Compra de tupia da bosh,R$  70.13 ,1/4/2026, Concluído,,,,,,,,,,,,,,,,,,,,,,,,,,
,,,Contas a pagar,1,1,,2026,jan,1/1/2026,1/4/2026,12/4/2025,1/10/2026,BJL,Mercado Livre,ITAU - Principal,Cartão Inter,Maquinario,Maquinario - Editar esta Sub,Parcela 1/8; Compra de parafusadeira de walt,R$  51.58 ,1/4/2026, Concluído,,,,,,,,,,,,,,,,,,,,,,,,,,
,,,Contas a pagar,1,1,,2026,jan,1/1/2026,1/4/2026,10/10/2025,1/10/2026,,,ITAU - Principal,Cartão Inter,Despesas administrativas,Telefone,Parcela 1/10; Compra de tablet Mara,R$  145.77 ,1/4/2026, Concluído,,,,,,,,,,,,,,,,,,,,,,,,,,
,,,Contas a pagar,1,1,,2026,jan,1/1/2026,1/4/2026,10/10/2025,1/10/2026,,BRUTA MADEIRAS LTDA,ITAU - Principal,Cartão Inter,Custo dos serviços,Compra de material,Parcela 1/4; Compra de Material na Bruta,R$  142.85 ,1/4/2026, Concluído,,,,,,,,,,,,,,,,,,,,,,,,,,
,,,Contas a pagar,1,1,,2026,jan,1/1/2026,1/4/2026,12/10/2025,1/10/2026,,,ITAU - Principal,Cartão Inter,Despesas administrativas,Sistemas,COMPRA DE PLANILHA PARA ANO 2026,R$  247.00 ,1/4/2026, Concluído,,,,,,,,,,,,,,,,,,,,,,,,,,
,,,Contas a pagar,1,1,,2026,jan,1/1/2026,1/4/2026,12/4/2025,1/10/2026,BJL,Shopee,ITAU - Principal,Cartão C6,Maquinario,Maquinario - Editar esta Sub,Parcela 1/2; Compra do Coletor de pó,R$  113.26 ,1/4/2026, Concluído,,,,,,,,,,,,,,,,,,,,,,,,,,
,,,Contas a pagar,1,1,,2026,jan,1/1/2026,1/4/2026,12/4/2025,1/10/2026,BJL,Mercado Livre,ITAU - Principal,Cartão C6,Maquinario,Maquinario - Editar esta Sub,Parcela 1/6; Compra tico tico,R$  51.73 ,1/4/2026, Concluído,,,,,,,,,,,,,,,,,,,,,,,,,,
,,,Contas a pagar,1,1,,2026,jan,1/1/2026,1/4/2026,12/4/2025,1/10/2026,BJL,Shopee,ITAU - Principal,Cartão C6,Maquinario,Maquinario - Editar esta Sub,Parcela 1/10; Compra do martelete,R$  64.53 ,1/4/2026, Concluído,,,,,,,,,,,,,,,,,,,,,,,,,,
,,,Contas a pagar,1,1,,2026,jan,1/1/2026,1/4/2026,12/4/2025,1/26/2026,Serviço,C H M MORAIS E CIA LTDA,ITAU - Principal,Boleto,Custo dos serviços,Compra de material,Material na C&D,R$  316.92 ,1/4/2026, Concluído,36493,,,,,,,,,,,,,,,,,,,,,,,,,
,,,Contas a pagar,1,1,,2026,jan,1/1/2026,1/4/2026,12/4/2025,1/5/2026,Serviço,C H M MORAIS E CIA LTDA,ITAU - Principal,Boleto,Custo dos serviços,Compra de material,Parcela 1/2; Compra de material C&D,R$  850.77 ,1/4/2026, Concluído,36108,,,,,,,,,,,,,,,,,,,,,,,,,
,,,Contas a pagar,1,1,,2026,jan,1/1/2026,1/4/2026,12/4/2025,1/19/2026,Serviço,C H M MORAIS E CIA LTDA,ITAU - Principal,Boleto,Custo dos serviços,Compra de material,Parcela 1/2; Compra de Material C&D,R$  743.78 ,1/4/2026, Concluído,36398,,,,,,,,,,,,,,,,,,,,,,,,,
,,,Contas a pagar,1,1,,2026,jan,1/1/2026,1/4/2026,12/4/2025,1/15/2026,Serviço,C H M MORAIS E CIA LTDA,ITAU - Principal,Boleto,Custo dos serviços,Compra de material,Parcela 1/3; Compra de Material C&D,"R$  1,168.33 ",1/4/2026, Concluído,36821,,,,,,,,,,,,,,,,,,,,,,,,,
,,,Contas a pagar,1,1,,2026,jan,1/1/2026,1/4/2026,1/5/2026,1/5/2026,Setor Administrativo,,ITAU - Principal,PIX,Despesas com pessoal,Salários,"Salário José Luiz  - Referente ao Ms 1/2026 (Despesa recorrente)""","R$  2,500.00 ",1/4/2026, Concluído,,,,,,,,,,,,,,,,,,,,,,,,,,
,,,Contas a pagar,1,1,,2026,jan,1/1/2026,1/4/2026,12/5/2025,1/5/2026,Setor Administrativo,,ITAU - Principal,PIX,Despesas com pessoal,Salários,"Salario Lucas - Referente ao Ms 1/2026 (Despesa recorrente)""","R$  2,227.00 ",1/4/2026, Concluído,,,,,,,,,,,,,,,,,,,,,,,,,,
,,,Contas a pagar,1,1,,2026,jan,1/1/2026,1/5/2026,1/5/2026,1/6/2026,,Gabriela (Parque Tinola),ITAU - Principal,PIX,Custo dos serviços,Frete,FRETE ISAEL,R$  130.00 ,1/5/2026, Concluído,,,,,,,,,,,,,,,,,,,,,,,,,,
,,,Contas a pagar,1,1,,2026,jan,1/1/2026,1/5/2026,12/12/2026,1/10/2026,Setor Administrativo,,ITAU - Principal,PIX,Despesas administrativas,Internet,"Internet do galpão - Referente ao Ms 1/2026 (Despesa recorrente)""",R$  77.72 ,1/5/2026, Concluído,,,,,,,,,,,,,,,,,,,,,,,,,,
,,,Contas a pagar,1,1,,2026,jan,1/1/2026,1/5/2026,1/5/2026,1/5/2026,Serviço,BRUTA MADEIRAS LTDA,ITAU - Principal,PIX,Custo dos serviços,Compra de material,Compra de material na Bruta ,R$  322.00 ,1/5/2026, Concluído,,,,,,,,,,,,,,,,,,,,,,,,,,
,,,Contas a pagar,1,1,,2026,jan,1/1/2026,1/6/2026,1/6/2026,1/6/2026,,,ITAU - Principal,PIX,Despesas com pessoal,Alimentação/Refeição,Lanche no Josmar ,R$  25.50 ,1/6/2026, Concluído,,,,,,,,,,,,,,,,,,,,,,,,,,
,,,Contas a receber,1,1,,2026,jan,1/1/2026,1/7/2026,1/1/2026,1/15/2026,Serviço,Gabriela (Parque Tinola),ITAU - Principal,PIX,Receita com prestação de serviços,Entradaa - Plan.,50% Restante da cozinha,"R$  7,000.00 ",1/7/2026, Concluído,,,,,,,,,,,,,,,,,,,,,,,,,,
,,,Contas a pagar,1,1,,2026,jan,1/1/2026,1/7/2026,1/8/2026,1/7/2026,,,ITAU - Principal,PIX,Custo dos serviços,Compra de material,Salario Samuel,R$  400.00 ,1/7/2026, Concluído,,,,,,,,,,,,,,,,,,,,,,,,,,
,,,Contas a pagar,1,1,,2026,jan,1/1/2026,1/7/2026,1/8/2026,1/7/2026,,,ITAU - Principal,PIX,Custo dos serviços,Frete,Frete Elenilson,R$  40.00 ,1/7/2026, Concluído,,,,,,,,,,,,,,,,,,,,,,,,,,
,,,Contas a receber,1,1,,2026,jan,1/1/2026,1/7/2026,1/1/2026,1/30/2026,Serviço,,ITAU - Principal,PIX,Receita com prestação de serviços,Entradaa - Plan.,Cantoneira de Gracinha,"R$  1,350.70 ",1/7/2026, Concluído,,,,,,,,,,,,,,,,,,,,,,,,,,
,,,Contas a receber,1,1,,2026,jan,1/1/2026,1/8/2026,1/10/2026,1/12/2026,Serviço,,ITAU - Principal,PIX,Receita com prestação de serviços,Parcela - Plan.,Parcela 1/10; SERVIÇO TATIANA ESCRITÓRIO,R$  380.00 ,1/8/2026, Concluído,,,,,,,,,,,,,,,,,,,,,,,,,,
,,,Contas a pagar,1,1,,2026,jan,1/1/2026,1/12/2026,1/12/2026,1/12/2026,,Vidro Minas,ITAU - Principal,PIX,Custo dos serviços,Compra de material,Compra de vidro para porta Entrada 50%,R$  750.00 ,1/12/2026, Concluído,,,,,,,,,,,,,,,,,,,,,,,,,,
,,,Contas a pagar,1,1,,2026,jan,1/1/2026,1/19/2026,1/26/2026,1/12/2026,,,ITAU - Principal,PIX,Outras deduções,Descontos,INSS DE FELIPE ,R$  166.98 ,1/19/2026, Concluído,,,,,,,,,,,,,,,,,,,,,,,,,,
,,,Contas a pagar,1,1,,2026,jan,1/1/2026,1/19/2026,1/26/2026,1/19/2026,,,ITAU - Principal,PIX,Impostos sobre a receita,Simples Nacional,Imposto de janeiro,R$  756.54 ,1/19/2026, Concluído,,,,,,,,,,,,,,,,,,,,,,,,,,
,,,Contas a receber,1,1,,2026,jan,1/1/2026,1/20/2026,1/1/2026,1/30/2026,Serviço,PRICIANNE PEREIRA LIMA CORDEIRO,DINHEIRO - Principal,Débito em conta,Receita com prestação de serviços,Entradaa - Plan.,50 % Referente a quarto filha ,"R$  5,000.00 ",1/20/2026, Concluído,,,,,,,,,,,,,,,,,,,,,,,,,,
,,,Contas a pagar,1,1,,2026,jan,1/1/2026,1/21/2026,1/26/2026,1/19/2026,,,ITAU - Principal,PIX,Despesas com pessoal,Salários,Emprestimo Felipe,R$  180.00 ,1/21/2026, Concluído,,,,,,,,,,,,,,,,,,,,,,,,,,
,,,Contas a pagar,1,1,,2026,jan,1/1/2026,1/22/2026,1/26/2026,1/19/2026,,,ITAU - Principal,PIX,Despesas com pessoal,Alimentação/Refeição,Compra de quentinha no Miltinho,R$  24.00 ,1/22/2026, Concluído,,,,,,,,,,,,,,,,,,,,,,,,,,
,,,Contas a receber,1,1,,2026,jan,1/1/2026,1/23/2026,1/1/2026,2/1/2026,Serviço,Janaina (Mãe de Jhenniffer),ITAU - Principal,PIX,Receita com prestação de serviços,Parcela - Plan.,Parcela 2/10; Produção de uma cabeceira ,R$  280.00 ,1/23/2026, Concluído,,,,,,,,,,,,,,,,,,,,,,,,,,
,,,Contas a pagar,1,1,,2026,jan,1/1/2026,1/24/2026,1/26/2026,1/19/2026,,,ITAU - Principal,PIX,Despesas com vendas,Fretes das Vendas,Gasolina para ir em Cambuci,R$  50.00 ,1/24/2026, Concluído,,,,,,,,,,,,,,,,,,,,,,,,,,
,,,Contas a pagar,1,1,,2026,jan,1/1/2026,1/26/2026,2/3/2026,1/26/2026,,,ITAU - Principal,PIX,Despesas com pessoal,Alimentação/Refeição,CAFÉ DEPOIS DE CAMBUCI,R$  44.00 ,1/26/2026, Concluído,,,,,,,,,,,,,,,,,,,,,,,,,,
,,,Contas a pagar,1,1,,2026,jan,1/1/2026,1/29/2026,1/14/2026,1/25/2023,,Vidro Minas,ITAU - Principal,PIX,Custo dos serviços,Compra de material,Compra de vidro para porta Restante 50%,R$  750.00 ,1/29/2026, Concluído,,,,,,,,,,,,,,,,,,,,,,,,,,
,,,Contas a pagar,1,1,,2026,jan,1/1/2026,1/29/2026,2/3/2026,1/29/2026,,,ITAU - Principal,PIX,Despesas com pessoal,Alimentação/Refeição,CAFÉ DA TARDE,R$  34.00 ,1/29/2026, Concluído,,,,,,,,,,,,,,,,,,,,,,,,,,
,,,Contas a pagar,1,1,,2026,jan,1/1/2026,1/30/2026,2/3/2026,1/30/2026,,,ITAU - Principal,PIX,Despesas com pessoal,Alimentação/Refeição,CAFÉ FELIPE,R$  75.00 ,1/30/2026, Concluído,,,,,,,,,,,,,,,,,,,,,,,,,,
,,,Contas a pagar,1,1,,2026,fev,2/1/2026,2/2/2026,2/3/2026,2/2/2026,,,ITAU - Principal,PIX,Despesas com pessoal,Alimentação/Refeição,CAFÉ DA TARDE,R$  12.00 ,2/2/2026, Concluído,,,,,,,,,,,,,,,,,,,,,,,,,,
,,,Contas a pagar,1,1,,2026,fev,2/1/2026,2/3/2026,12/4/2025,2/2/2026,Serviço,BRUTA MADEIRAS LTDA,ITAU - Principal,Boleto,Custo dos serviços,Compra de material,Parcela 2/2; Compra de material C&D,R$  868.63 ,2/3/2026, Concluído,36108,,,,,,,,,,,,,,,,,,,,,,,,,
,,,Contas a pagar,1,1,,2026,fev,2/1/2026,2/3/2026,12/4/2025,2/2/2026,Serviço,C H M MORAIS E CIA LTDA,ITAU - Principal,Boleto,Custo dos serviços,Compra de material,Parcela 2/3; Compra de material na C&D,R$  591.95 ,2/3/2026, Concluído,36659,,,,,,,,,,,,,,,,,,,,,,,,,
,,,Contas a pagar,1,1,,2026,fev,2/1/2026,2/3/2026,2/3/2026,1/26/2026,,,ITAU - Principal,PIX,Custo dos serviços,Frete,Frete Elenilson,R$  45.00 ,2/3/2026, Concluído,,,,,,,,,,,,,,,,,,,,,,,,,,
,,,Contas a pagar,1,1,,2026,fev,2/1/2026,2/3/2026,2/3/2026,2/2/2026,,,ITAU - Principal,PIX,Custo dos serviços,Frete,Frete Valdiney ,R$  120.00 ,2/3/2026, Concluído,,,,,,,,,,,,,,,,,,,,,,,,,,
,,,Contas a pagar,1,1,,2026,fev,2/1/2026,2/3/2026,2/3/2026,2/3/2026,,,ITAU - Principal,PIX,Outras deduções,Abatimentos,ADIANTAMENTO DO CARTÃO,R$  34.15 ,2/3/2026, Concluído,,,,,,,,,,,,,,,,,,,,,,,,,,
,,,Contas a pagar,1,1,,2026,fev,2/1/2026,2/3/2026,1/5/2026,2/5/2026,Setor Administrativo,,ITAU - Principal,PIX,Despesas com pessoal,Salários,"Salario Lucas - Referente ao Ms 2/2026 (Despesa recorrente)""","R$  2,000.00 ",2/3/2026, Concluído,,,,,,,,,,,,,,,,,,,,,,,,,,
,,,Contas a pagar,1,1,,2026,fev,2/1/2026,2/3/2026,2/3/2026,2/3/2026,,,ITAU - Principal,PIX,Serviços de terceiros,Manutenção,Salario Juninho,R$  400.00 ,2/3/2026, Concluído,,,,,,,,,,,,,,,,,,,,,,,,,,
,,,Contas a pagar,1,1,,2026,fev,2/1/2026,2/4/2026,12/4/2025,2/4/2026,BJL,Mercado Livre,ITAU - Principal,PIX,Maquinario,Maquinario - Editar esta Sub,Parcela 2/8; Compra de parafusadeira de walt,R$  99.89 ,2/4/2026, Concluído,,,,,,,,,,,,,,,,,,,,,,,,,,
,,,Contas a pagar,1,1,,2026,fev,2/1/2026,2/4/2026,12/4/2025,2/10/2026,Setor Administrativo,Mercado Livre,ITAU - Principal,PIX,Despesas administrativas,Telefone,Parcela 2/9; Compra do Iphone,R$  299.94 ,2/4/2026, Concluído,,,,,,,,,,,,,,,,,,,,,,,,,,
,,,Contas a pagar,1,1,,2026,fev,2/1/2026,2/4/2026,12/4/2025,2/10/2026,BJL,Mercado Livre,ITAU - Principal,PIX,Despesas administrativas,Telefone,Parcela 2/11; Compra do Iphone,R$  118.50 ,2/4/2026, Concluído,,,,,,,,,,,,,,,,,,,,,,,,,,
,,,Contas a pagar,1,1,,2026,fev,2/1/2026,2/4/2026,12/4/2025,2/10/2026,BJL,Mercado Livre,ITAU - Principal,PIX,Maquinario,Maquinario - Editar esta Sub,Parcela 2/11; Compra de parafusadeira de walt,R$  79.73 ,2/4/2026, Concluído,,,,,,,,,,,,,,,,,,,,,,,,,,
,,,Contas a receber,1,1,,2026,fev,2/1/2026,2/4/2026,1/10/2026,2/12/2026,Serviço,,ITAU - Principal,PIX,Receita com prestação de serviços,Parcela - Plan.,Parcela 2/10; SERVIÇO TATIANA ESCRITÓRIO,R$  380.00 ,2/4/2026, Concluído,,,,,,,,,,,,,,,,,,,,,,,,,,
,,,Contas a pagar,1,1,,2026,fev,2/1/2026,2/4/2026,2/4/2026,2/4/2026,,,ITAU - Principal,PIX,Despesas com pessoal,Alimentação/Refeição,Café,R$  11.50 ,2/4/2026, Concluído,,,,,,,,,,,,,,,,,,,,,,,,,,
,,,Contas a pagar,1,1,,2026,fev,2/1/2026,2/4/2026,2/5/2026,2/4/2026,,,ITAU - Principal,PIX,Maquinario,Maquinario - Editar esta Sub,Ferragem para Maquina,R$  77.00 ,2/4/2026, Concluído,,,,,,,,,,,,,,,,,,,,,,,,,,
,,,Contas a pagar,1,1,,2026,fev,2/1/2026,2/4/2026,2/5/2026,2/4/2026,,,ITAU - Principal,PIX,Custo dos serviços,Compra de material,Compra de material na C&D,R$  51.00 ,2/4/2026, Concluído,,,,,,,,,,,,,,,,,,,,,,,,,,
,,,Contas a pagar,1,1,,2026,fev,2/1/2026,2/4/2026,2/5/2026,2/4/2026,,,ITAU - Principal,PIX,Despesas administrativas,Sistemas,Gasolina para visitas,R$  100.00 ,2/4/2026, Concluído,,,,,,,,,,,,,,,,,,,,,,,,,,
,,,Contas a pagar,1,1,,2026,fev,2/1/2026,2/5/2026,12/4/2025,2/8/2026,Serviço,C H M MORAIS E CIA LTDA,ITAU - Principal,Boleto,Custo dos serviços,Compra de material,Parcela 2/3; Compra de Material C&D,R$  936.66 ,2/5/2026, Concluído,36694,,,,,,,,,,,,,,,,,,,,,,,,,
,,,Contas a pagar,1,1,,2026,fev,2/1/2026,2/5/2026,1/10/2026,2/10/2026,Setor Contabilidade,,ITAU - Principal,PIX,Serviços de terceiros,Contabilidade,"Contadora - Referente ao Ms 2/2026 (Despesa recorrente)""",R$  298.00 ,2/5/2026, Concluído,,,,,,,,,,,,,,,,,,,,,,,,,,
,,,Contas a pagar,1,1,,2026,fev,2/1/2026,2/5/2026,1/10/2026,2/10/2026,Setor Administrativo,,ITAU - Principal,PIX,Despesas administrativas,Aluguel,"Aluguel do galpão  - Referente ao Ms 2/2026 (Despesa recorrente)""",R$  800.00 ,2/5/2026, Concluído,,,,,,,,,,,,,,,,,,,,,,,,,,
,,,Contas a pagar,1,1,,2026,fev,2/1/2026,2/5/2026,2/6/2026,2/5/2026,,,ITAU - Principal,PIX,Custo dos serviços,Frete,Frete Elenilson,R$  40.00 ,2/5/2026, Concluído,,,,,,,,,,,,,,,,,,,,,,,,,,
,,,Contas a pagar,1,1,,2026,fev,2/1/2026,2/5/2026,2/6/2026,2/5/2026,,,ITAU - Principal,PIX,Custo dos serviços,Compra de material,Compra de massa + Fita,R$  40.00 ,2/5/2026, Concluído,,,,,,,,,,,,,,,,,,,,,,,,,,
,,,Contas a pagar,1,1,,2026,fev,2/1/2026,2/5/2026,2/9/2026,2/5/2026,,,ITAU - Principal,PIX,Outras deduções,Descontos,Gasto no Betinho,R$  280.00 ,2/5/2026, Concluído,,,,,,,,,,,,,,,,,,,,,,,,,,
,,,Contas a pagar,1,1,,2026,fev,2/1/2026,2/5/2026,2/9/2026,2/5/2026,,,ITAU - Principal,PIX,Despesas com pessoal,Alimentação/Refeição,Café Sábado,R$  35.00 ,2/5/2026, Concluído,,,,,,,,,,,,,,,,,,,,,,,,,,
,,,Contas a receber,1,1,,2026,fev,2/1/2026,2/6/2026,1/1/2026,1/30/2026,Serviço,PRICIANNE PEREIRA LIMA CORDEIRO,DINHEIRO - Principal,,Receita com prestação de serviços,Entradaa - Plan.,50% Restante Quarto Filha,"R$  5,000.00 ",2/6/2026, Concluído,,,,,,,,,,,,,,,,,,,,,,,,,,
,,,Contas a pagar,1,1,,2026,fev,2/1/2026,2/9/2026,1/5/2026,2/5/2026,Setor Administrativo,,ITAU - Principal,PIX,Despesas administrativas,Energia,"Conta de Energia - Referente ao Ms 2/2026 (Despesa recorrente)""",R$  314.32 ,2/9/2026, Concluído,,,,,,,,,,,,,,,,,,,,,,,,,,
,,,Contas a pagar,1,1,,2026,fev,2/1/2026,2/9/2026,1/10/2026,2/10/2026,Setor Administrativo,,ITAU - Principal,PIX,Despesas administrativas,Água,"Conta de água - Referente ao Ms 2/2026 (Despesa recorrente)""",R$  86.23 ,2/9/2026, Concluído,,,,,,,,,,,,,,,,,,,,,,,,,,
,,,Contas a pagar,1,1,,2026,fev,2/1/2026,2/9/2026,2/5/2026,2/5/2026,Setor Administrativo,,DINHEIRO - Principal,,Despesas com pessoal,Salários,"Salário José Luiz  - Referente ao Ms 2/2026 (Despesa recorrente)""","R$  1,300.00 ",2/9/2026, Concluído,,,,,,,,,,,,,,,,,,,,,,,,,,
,,,Contas a pagar,1,1,,2026,fev,2/1/2026,2/9/2026,2/9/2026,2/5/2026,Setor Administrativo,,ITAU - Principal,PIX,Despesas com pessoal,Salários,"Salário José Luiz  - Referente ao Ms 2/2026 (Despesa recorrente)""","R$  1,171.00 ",2/9/2026, Concluído,,,,,,,,,,,,,,,,,,,,,,,,,,
,,,Contas a pagar,1,1,,2026,fev,2/1/2026,2/9/2026,12/4/2025,2/10/2026,BJL,Mercado Livre,ITAU - Principal,Cartão Inter,Maquinario,Maquinario - Editar esta Sub,Parcela 2/7; Compra da coladeira de borda ,R$  522.00 ,2/9/2026, Concluído,,,,,,,,,,,,,,,,,,,,,,,,,,
,,,Contas a pagar,1,1,,2026,fev,2/1/2026,2/9/2026,12/4/2025,2/10/2026,BJL,Mercado Livre,ITAU - Principal,Cartão Inter,Maquinario,Maquinario - Editar esta Sub,Parcela 2/7; Compra de tupia da bosh,R$  70.13 ,2/9/2026, Concluído,,,, ,,,,,,,,,,,,,,,,,,,,,,
,,,Contas a pagar,1,1,,2026,fev,2/1/2026,2/9/2026,12/4/2025,2/10/2026,BJL,Mercado Livre,ITAU - Principal,Cartão Inter,Maquinario,Maquinario - Editar esta Sub,Parcela 2/8; Compra de parafusadeira de walt,R$  211.58 ,2/9/2026, Concluído,,,,,,,,,,,,,,,,,,,,,,,,,,
,,,Contas a pagar,1,1,,2026,fev,2/1/2026,2/9/2026,12/4/2025,2/10/2026,BJL,Shopee,ITAU - Principal,Cartão C6,Maquinario,Maquinario - Editar esta Sub,Parcela 2/2; Compra do Coletor de pó,R$  113.26 ,2/9/2026, Concluído,,,,,,,,,,,,,,,,,,,,,,,,,,
,,,Contas a pagar,1,1,,2026,fev,2/1/2026,2/9/2026,12/4/2025,2/10/2026,BJL,Mercado Livre,ITAU - Principal,Cartão C6,Maquinario,Maquinario - Editar esta Sub,Parcela 2/6; Compra tico tico,R$  51.73 ,2/9/2026, Concluído,,,,,,,,,,,,,,,,,,,,,,,,,,
,,,Contas a pagar,1,1,,2026,fev,2/1/2026,2/9/2026,12/4/2025,2/10/2026,BJL,Shopee,ITAU - Principal,Cartão C6,Maquinario,Maquinario - Editar esta Sub,Parcela 2/10; Compra do martelete,R$  64.53 ,2/9/2026, Concluído,,,,,,,,,,,,,,,,,,,,,,,,,,
,,,Contas a pagar,1,1,,2026,fev,2/1/2026,2/9/2026,1/12/2026,2/10/2026,Setor Administrativo,,ITAU - Principal,PIX,Despesas administrativas,Internet,"Internet do galpão - Referente ao Ms 2/2026 (Despesa recorrente)""",R$  80.00 ,2/9/2026, Concluído,,,,,,,,,,,,,,,,,,,,,,,,,,
,,,Contas a pagar,1,1,,2026,fev,2/1/2026,2/9/2026,1/5/2026,2/5/2026,Setor Administrativo,,,,Despesas com pessoal,Salários,"Salário Felipe - Referente ao Ms 2/2026 (Despesa recorrente)""","R$  2,500.00 ",2/9/2026, Concluído,,,,,,,,,,,,,,,,,,,,,,,,,,
,,,Contas a pagar,1,1,,2026,fev,2/1/2026,2/9/2026,10/10/2025,2/10/2026,,,ITAU - Principal,Cartão Inter,Despesas administrativas,Telefone,Parcela 2/10; Compra de tablet Mara,R$  145.77 ,2/9/2026, Concluído,,,,,,,,,,,,,,,,,,,,,,,,,,
,,,Contas a pagar,1,1,,2026,fev,2/1/2026,2/9/2026,10/10/2025,2/10/2026,,BRUTA MADEIRAS LTDA,ITAU - Principal,Cartão Inter,Custo dos serviços,Compra de material,Parcela 2/4; Compra de Material na Bruta,R$  142.85 ,2/9/2026, Concluído,,,,,,,,,,,,,,,,,,,,,,,,,,
,,,Contas a receber,1,1,,2026,fev,2/1/2026,2/10/2026,2/10/2026,2/10/2026,,,DINHEIRO - Principal,,Receita com prestação de serviços,Valor Total,Prateleira da loja de maquiagem,R$  220.00 ,2/10/2026, Concluído,,,,,,,,,,,,,,,,,,,,,,,,,,
,,,Contas a pagar,1,1,,2026,mar,3/1/2026,3/10/2026,12/4/2025,3/10/2026,BJL,Mercado Livre,BANCO INTER - Principal,Cartão Inter,Maquinario,Maquinario - Editar esta Sub,Parcela 3/7; Compra da coladeira de borda ,R$  522.00 ,, Pendente,,,,,,,,,,,,,,,,,,,,,,,,,,
,,,Contas a pagar,1,1,,2026,abr,4/1/2026,4/10/2026,12/4/2025,4/10/2026,BJL,Mercado Livre,BANCO INTER - Principal,Cartão Inter,Maquinario,Maquinario - Editar esta Sub,Parcela 4/7; Compra da coladeira de borda ,R$  522.00 ,, Pendente,,,,,,,,,,,,,,,,,,,,,,,,,,
,,,Contas a pagar,1,1,,2026,mai,5/1/2026,5/10/2026,12/4/2025,5/10/2026,BJL,Mercado Livre,BANCO INTER - Principal,Cartão Inter,Maquinario,Maquinario - Editar esta Sub,Parcela 5/7; Compra da coladeira de borda ,R$  522.00 ,, Pendente,,,,,,,,,,,,,,,,,,,,,,,,,,
,,,Contas a pagar,1,1,,2026,jun,6/1/2026,6/10/2026,12/4/2025,6/10/2026,BJL,Mercado Livre,BANCO INTER - Principal,Cartão Inter,Maquinario,Maquinario - Editar esta Sub,Parcela 6/7; Compra da coladeira de borda ,R$  522.00 ,, Pendente,,,,,,,,,,,,,,,,,,,,,,,,,,
,,,Contas a pagar,1,1,,2026,jul,7/1/2026,7/10/2026,12/4/2025,7/10/2026,BJL,Mercado Livre,BANCO INTER - Principal,Cartão Inter,Maquinario,Maquinario - Editar esta Sub,Parcela 7/7; Compra da coladeira de borda ,R$  522.00 ,, Pendente,,,,,,,,,,,,,,,,,,,,,,,,,,
,,,Contas a pagar,1,1,,2026,mar,3/1/2026,3/10/2026,12/4/2025,3/10/2026,BJL,Mercado Livre,BANCO INTER - Principal,Cartão Inter,Maquinario,Maquinario - Editar esta Sub,Parcela 3/7; Compra de tupia da bosh,R$  70.13 ,, Pendente,,,,,,,,,,,,,,,,,,,,,,,,,,
,,,Contas a pagar,1,1,,2026,abr,4/1/2026,4/10/2026,12/4/2025,4/10/2026,BJL,Mercado Livre,BANCO INTER - Principal,Cartão Inter,Maquinario,Maquinario - Editar esta Sub,Parcela 4/7; Compra de tupia da bosh,R$  70.13 ,, Pendente,,,,,,,,,,,,,,,,,,,,,,,,,,
,,,Contas a pagar,1,1,,2026,mai,5/1/2026,5/10/2026,12/4/2025,5/10/2026,BJL,Mercado Livre,BANCO INTER - Principal,Cartão Inter,Maquinario,Maquinario - Editar esta Sub,Parcela 5/7; Compra de tupia da bosh,R$  70.13 ,, Pendente,,,,,,,,,,,,,,,,,,,,,,,,,,
,,,Contas a pagar,1,1,,2026,jun,6/1/2026,6/10/2026,12/4/2025,6/10/2026,BJL,Mercado Livre,BANCO INTER - Principal,Cartão Inter,Maquinario,Maquinario - Editar esta Sub,Parcela 6/7; Compra de tupia da bosh,R$  70.13 ,, Pendente,,,,,,,,,,,,,,,,,,,,,,,,,,
,,,Contas a pagar,1,1,,2026,jul,7/1/2026,7/10/2026,12/4/2025,7/10/2026,BJL,Mercado Livre,BANCO INTER - Principal,Cartão Inter,Maquinario,Maquinario - Editar esta Sub,Parcela 7/7; Compra de tupia da bosh,R$  70.13 ,, Pendente,,,,,,,,,,,,,,,,,,,,,,,,,,
,,,Contas a pagar,1,1,,2026,mar,3/1/2026,3/10/2026,12/4/2025,3/10/2026,BJL,Mercado Livre,BANCO INTER - Principal,Cartão Inter,Maquinario,Maquinario - Editar esta Sub,Parcela 3/8; Compra de parafusadeira de walt,R$  51.58 ,, Pendente,,,,,,,,,,,,,,,,,,,,,,,,,,
,,,Contas a pagar,1,1,,2026,abr,4/1/2026,4/10/2026,12/4/2025,4/10/2026,BJL,Mercado Livre,BANCO INTER - Principal,Cartão Inter,Maquinario,Maquinario - Editar esta Sub,Parcela 4/8; Compra de parafusadeira de walt,R$  51.58 ,, Pendente,,,,,,,,,,,,,,,,,,,,,,,,,,
,,,Contas a pagar,1,1,,2026,mai,5/1/2026,5/10/2026,12/4/2025,5/10/2026,BJL,Mercado Livre,BANCO INTER - Principal,Cartão Inter,Maquinario,Maquinario - Editar esta Sub,Parcela 5/8; Compra de parafusadeira de walt,R$  51.58 ,, Pendente,,,,,,,,,,,,,,,,,,,,,,,,,,
,,,Contas a pagar,1,1,,2026,jun,6/1/2026,6/10/2026,12/4/2025,6/10/2026,BJL,Mercado Livre,BANCO INTER - Principal,Cartão Inter,Maquinario,Maquinario - Editar esta Sub,Parcela 6/8; Compra de parafusadeira de walt,R$  51.58 ,, Pendente,,,,,,,,,,,,,,,,,,,,,,,,,,
,,,Contas a pagar,1,1,,2026,jul,7/1/2026,7/10/2026,12/4/2025,7/10/2026,BJL,Mercado Livre,BANCO INTER - Principal,Cartão Inter,Maquinario,Maquinario - Editar esta Sub,Parcela 7/8; Compra de parafusadeira de walt,R$  51.58 ,, Pendente,,,,,,,,,,,,,,,,,,,,,,,,,,
,,,Contas a pagar,1,1,,2026,ago,8/1/2026,8/10/2026,12/4/2025,8/10/2026,BJL,Mercado Livre,BANCO INTER - Principal,Cartão Inter,Maquinario,Maquinario - Editar esta Sub,Parcela 8/8; Compra de parafusadeira de walt,R$  51.58 ,, Pendente,,,,,,,,,,,,,,,,,,,,,,,,,,
,,,Contas a pagar,1,1,,2026,mar,3/1/2026,3/10/2026,12/4/2025,3/10/2026,BJL,Mercado Livre,C6 BANK - Principal,Cartão C6,Maquinario,Maquinario - Editar esta Sub,Parcela 3/6; Compra tico tico,R$  51.73 ,, Pendente,,,,,,,,,,,,,,,,,,,,,,,,,,
,,,Contas a pagar,1,1,,2026,abr,4/1/2026,4/10/2026,12/4/2025,4/10/2026,BJL,Mercado Livre,C6 BANK - Principal,Cartão C6,Maquinario,Maquinario - Editar esta Sub,Parcela 4/6; Compra tico tico,R$  51.73 ,, Pendente,,,,,,,,,,,,,,,,,,,,,,,,,,
,,,Contas a pagar,1,1,,2026,mai,5/1/2026,5/10/2026,12/4/2025,5/10/2026,BJL,Mercado Livre,C6 BANK - Principal,Cartão C6,Maquinario,Maquinario - Editar esta Sub,Parcela 5/6; Compra tico tico,R$  51.73 ,, Pendente,,,,,,,,,,,,,,,,,,,,,,,,,,
,,,Contas a pagar,1,1,,2026,jun,6/1/2026,6/10/2026,12/4/2025,6/10/2026,BJL,Mercado Livre,C6 BANK - Principal,Cartão C6,Maquinario,Maquinario - Editar esta Sub,Parcela 6/6; Compra tico tico,R$  51.73 ,, Pendente,,,,,,,,,,,,,,,,,,,,,,,,,,
,,,Contas a pagar,1,1,,2026,mar,3/1/2026,3/10/2026,12/4/2025,3/10/2026,BJL,Shopee,C6 BANK - Principal,Cartão C6,Maquinario,Maquinario - Editar esta Sub,Parcela 3/10; Compra do martelete,R$  64.53 ,, Pendente,,,,,,,,,,,,,,,,,,,,,,,,,,
,,,Contas a pagar,1,1,,2026,abr,4/1/2026,4/10/2026,12/4/2025,4/10/2026,BJL,Shopee,C6 BANK - Principal,Cartão C6,Maquinario,Maquinario - Editar esta Sub,Parcela 4/10; Compra do martelete,R$  64.53 ,, Pendente,,,,,,,,,,,,,,,,,,,,,,,,,,
,,,Contas a pagar,1,1,,2026,mai,5/1/2026,5/10/2026,12/4/2025,5/10/2026,BJL,Shopee,C6 BANK - Principal,Cartão C6,Maquinario,Maquinario - Editar esta Sub,Parcela 5/10; Compra do martelete,R$  64.53 ,, Pendente,,,,,,,,,,,,,,,,,,,,,,,,,,
,,,Contas a pagar,1,1,,2026,jun,6/1/2026,6/10/2026,12/4/2025,6/10/2026,BJL,Shopee,C6 BANK - Principal,Cartão C6,Maquinario,Maquinario - Editar esta Sub,Parcela 6/10; Compra do martelete,R$  64.53 ,, Pendente,,,,,,,,,,,,,,,,,,,,,,,,,,
,,,Contas a pagar,1,1,,2026,jul,7/1/2026,7/10/2026,12/4/2025,7/10/2026,BJL,Shopee,C6 BANK - Principal,Cartão C6,Maquinario,Maquinario - Editar esta Sub,Parcela 7/10; Compra do martelete,R$  64.53 ,, Pendente,,,,,,,,,,,,,,,,,,,,,,,,,,
,,,Contas a pagar,1,1,,2026,ago,8/1/2026,8/10/2026,12/4/2025,8/10/2026,BJL,Shopee,C6 BANK - Principal,Cartão C6,Maquinario,Maquinario - Editar esta Sub,Parcela 8/10; Compra do martelete,R$  64.53 ,, Pendente,,,,,,,,,,,,,,,,,,,,,,,,,,
,,,Contas a pagar,1,1,,2026,set,9/1/2026,9/10/2026,12/4/2025,9/10/2026,BJL,Shopee,C6 BANK - Principal,Cartão C6,Maquinario,Maquinario - Editar esta Sub,Parcela 9/10; Compra do martelete,R$  64.53 ,, Pendente,,,,,,,,,,,,,,,,,,,,,,,,,,
,,,Contas a pagar,1,1,,2026,out,10/1/2026,10/10/2026,12/4/2025,10/10/2026,BJL,Shopee,C6 BANK - Principal,Cartão C6,Maquinario,Maquinario - Editar esta Sub,Parcela 10/10; Compra do martelete,R$  64.53 ,, Pendente,,,,,,,,,,,,,,,,,,,,,,,,,,
,,,Contas a receber,1,1,,2026,mar,3/1/2026,3/10/2026,12/4/2025,3/10/2026,Serviço,,C6 BANK - Principal,,Receita com prestação de serviços,Parcela - Plan.,Parcela 3/4; Serviço de Juliana,R$  240.00 ,, Pendente,,,,,,,,,,,,,,,,,,,,,,,,,,
,,,Contas a receber,1,1,,2026,abr,4/1/2026,4/10/2026,12/4/2025,4/10/2026,Serviço,,C6 BANK - Principal,,Receita com prestação de serviços,Parcela - Plan.,Parcela 4/4; Serviço de Juliana,R$  240.00 ,, Pendente,,,,,,,,,,,,,,,,,,,,,,,,,,
,,,Contas a pagar,1,1,,2026,mar,3/1/2026,3/2/2026,12/4/2025,3/2/2026,Serviço,C H M MORAIS E CIA LTDA,ITAU - Principal,Boleto,Custo dos serviços,Compra de material,Parcela 3/3; Compra de material na C&D,R$  579.75 ,, Pendente,36659,,,,,,,,,,,,,,,,,,,,,,,,,
,,,Contas a pagar,1,1,,2026,mar,3/1/2026,3/8/2026,12/4/2025,3/8/2026,Serviço,C H M MORAIS E CIA LTDA,ITAU - Principal,Boleto,Custo dos serviços,Compra de material,Parcela 3/3; Compra de Material C&D,R$  936.66 ,, Pendente,36694,,,,,,,,,,,,,,,,,,,,,,,,,
,,,Contas a pagar,1,1,,2026,mar,3/1/2026,3/16/2026,12/4/2025,3/16/2026,Serviço,C H M MORAIS E CIA LTDA,ITAU - Principal,Boleto,Custo dos serviços,Compra de material,Parcela 3/3; Compra de Material C&D,"R$  1,168.33 ",, Pendente,36821,,,,,,,,,,,,,,,,,,,,,,,,,
,,,Contas a receber,1,1,,2026,mar,3/1/2026,3/1/2026,1/1/2026,3/1/2026,Serviço,Janaina (Mãe de Jhenniffer),ITAU - Principal,PIX,Receita com prestação de serviços,Parcela - Plan.,Parcela 3/10; Produção de uma cabeceira ,R$  280.00 ,, Pendente,,,,,,,,,,,,,,,,,,,,,,,,,,
,,,Contas a receber,1,1,,2026,abr,4/1/2026,4/1/2026,1/1/2026,4/1/2026,Serviço,Janaina (Mãe de Jhenniffer),ITAU - Principal,PIX,Receita com prestação de serviços,Parcela - Plan.,Parcela 4/10; Produção de uma cabeceira ,R$  280.00 ,, Pendente,,,,,,,,,,,,,,,,,,,,,,,,,,
,,,Contas a receber,1,1,,2026,mai,5/1/2026,5/1/2026,1/1/2026,5/1/2026,Serviço,Janaina (Mãe de Jhenniffer),ITAU - Principal,PIX,Receita com prestação de serviços,Parcela - Plan.,Parcela 5/10; Produção de uma cabeceira ,R$  280.00 ,, Pendente,,,,,,,,,,,,,,,,,,,,,,,,,,
,,,Contas a receber,1,1,,2026,jun,6/1/2026,6/1/2026,1/1/2026,6/1/2026,Serviço,Janaina (Mãe de Jhenniffer),ITAU - Principal,PIX,Receita com prestação de serviços,Parcela - Plan.,Parcela 6/10; Produção de uma cabeceira ,R$  280.00 ,, Pendente,,,,,,,,,,,,,,,,,,,,,,,,,,
,,,Contas a receber,1,1,,2026,jul,7/1/2026,7/1/2026,1/1/2026,7/1/2026,Serviço,Janaina (Mãe de Jhenniffer),ITAU - Principal,PIX,Receita com prestação de serviços,Parcela - Plan.,Parcela 7/10; Produção de uma cabeceira ,R$  280.00 ,, Pendente,,,,,,,,,,,,,,,,,,,,,,,,,,
,,,Contas a receber,1,1,,2026,ago,8/1/2026,8/1/2026,1/1/2026,8/1/2026,Serviço,Janaina (Mãe de Jhenniffer),ITAU - Principal,PIX,Receita com prestação de serviços,Parcela - Plan.,Parcela 8/10; Produção de uma cabeceira ,R$  280.00 ,, Pendente,,,,,,,,,,,,,,,,,,,,,,,,,,
,,,Contas a receber,1,1,,2026,set,9/1/2026,9/1/2026,1/1/2026,9/1/2026,Serviço,Janaina (Mãe de Jhenniffer),ITAU - Principal,PIX,Receita com prestação de serviços,Parcela - Plan.,Parcela 9/10; Produção de uma cabeceira ,R$  280.00 ,, Pendente,,,,,,,,,,,,,,,,,,,,,,,,,,
,,,Contas a receber,1,1,,2026,out,10/1/2026,10/1/2026,1/1/2026,10/1/2026,Serviço,Janaina (Mãe de Jhenniffer),ITAU - Principal,PIX,Receita com prestação de serviços,Parcela - Plan.,Parcela 10/10; Produção de uma cabeceira ,R$  280.00 ,, Pendente,,,,,,,,,,,,,,,,,,,,,,,,,,
,,,Contas a receber,1,1,,2026,jan,1/1/2026,1/15/2026,12/1/2025,1/15/2026,Serviço,,ITAU - Principal,PIX,Receita com prestação de serviços,Valor Total,Restante do serviço do Closet Thammy,"R$  1,800.00 ",, Pendente,,,,,,,,,,,,,,,,,,,,,,,,,,
,,,Contas a receber,1,1,,2026,jan,1/1/2026,1/15/2026,12/1/2025,1/15/2026,Serviço,,ITAU - Principal,PIX,Receita com prestação de serviços,Valor Total,Serviço da Pra Ludimila,"R$  1,040.00 ",, Pendente,,,,,,,,,,,,,,,,,,,,,,,,,,
,,,Contas a pagar,1,1,,2026,mar,3/1/2026,3/10/2026,12/10/2025,3/10/2026,,BRUTA MADEIRAS LTDA,ITAU - Principal,Cartão Nubank,Custo dos serviços,Compra de material,Parcela 3/4; Compra de material na Bruta,R$  405.50 ,, Pendente,,,,,,,,,,,,,,,,,,,,,,,,,,
,,,Contas a pagar,1,1,,2026,abr,4/1/2026,4/10/2026,12/10/2025,4/10/2026,,BRUTA MADEIRAS LTDA,ITAU - Principal,Cartão Nubank,Custo dos serviços,Compra de material,Parcela 4/4; Compra de material na Bruta,R$  405.50 ,, Pendente,,,,,,,,,,,,,,,,,,,,,,,,,,
,,,Contas a pagar,1,1,,2026,mar,3/1/2026,3/10/2026,12/4/2025,3/10/2026,Setor Administrativo,Mercado Livre,MERCADO PAGO - Principal,Cartão Mercado Pago,Despesas administrativas,Telefone,Parcela 3/9; Compra do Iphone,R$  131.00 ,, Pendente,,,,,,,,,,,,,,,,,,,,,,,,,,
,,,Contas a pagar,1,1,,2026,abr,4/1/2026,4/10/2026,12/4/2025,4/10/2026,Setor Administrativo,Mercado Livre,MERCADO PAGO - Principal,Cartão Mercado Pago,Despesas administrativas,Telefone,Parcela 4/9; Compra do Iphone,R$  131.00 ,, Pendente,,,,,,,,,,,,,,,,,,,,,,,,,,
,,,Contas a pagar,1,1,,2026,mai,5/1/2026,5/10/2026,12/4/2025,5/10/2026,Setor Administrativo,Mercado Livre,MERCADO PAGO - Principal,Cartão Mercado Pago,Despesas administrativas,Telefone,Parcela 5/9; Compra do Iphone,R$  131.00 ,, Pendente,,,,,,,,,,,,,,,,,,,,,,,,,,
,,,Contas a pagar,1,1,,2026,jun,6/1/2026,6/10/2026,12/4/2025,6/10/2026,Setor Administrativo,Mercado Livre,MERCADO PAGO - Principal,Cartão Mercado Pago,Despesas administrativas,Telefone,Parcela 6/9; Compra do Iphone,R$  131.00 ,, Pendente,,,,,,,,,,,,,,,,,,,,,,,,,,
,,,Contas a pagar,1,1,,2026,jul,7/1/2026,7/10/2026,12/4/2025,7/10/2026,Setor Administrativo,Mercado Livre,MERCADO PAGO - Principal,Cartão Mercado Pago,Despesas administrativas,Telefone,Parcela 7/9; Compra do Iphone,R$  131.00 ,, Pendente,,,,,,,,,,,,,,,,,,,,,,,,,,
,,,Contas a pagar,1,1,,2026,ago,8/1/2026,8/10/2026,12/4/2025,8/10/2026,Setor Administrativo,Mercado Livre,MERCADO PAGO - Principal,Cartão Mercado Pago,Despesas administrativas,Telefone,Parcela 8/9; Compra do Iphone,R$  131.00 ,, Pendente,,,,,,,,,,,,,,,,,,,,,,,,,,
,,,Contas a pagar,1,1,,2026,set,9/1/2026,9/10/2026,12/4/2025,9/10/2026,Setor Administrativo,Mercado Livre,MERCADO PAGO - Principal,Cartão Mercado Pago,Despesas administrativas,Telefone,Parcela 9/9; Compra do Iphone,R$  131.00 ,, Pendente,,,,,,,,,,,,,,,,,,,,,,,,,,
,,,Contas a receber,1,1,,2026,fev,2/1/2026,2/10/2026,12/4/2025,2/10/2026,Serviço,,C6 BANK - Principal,,Receita com prestação de serviços,Parcela - Plan.,Parcela 2/4; Serviço de Juliana,R$  240.00 ,, Pendente,,,,,,,,,,,,,,,,,,,,,,,,,,
,,,Contas a pagar,1,1,,2026,mar,3/1/2026,3/10/2026,12/4/2025,3/10/2026,BJL,Mercado Livre,MERCADO PAGO - Principal,Cartão Mercado Pago,Despesas administrativas,Telefone,Parcela 3/11; Compra do Iphone,R$  118.50 ,, Pendente,,,,,,,,,,,,,,,,,,,,,,,,,,
,,,Contas a pagar,1,1,,2026,abr,4/1/2026,4/10/2026,12/4/2025,4/10/2026,BJL,Mercado Livre,MERCADO PAGO - Principal,Cartão Mercado Pago,Despesas administrativas,Telefone,Parcela 4/11; Compra do Iphone,R$  118.50 ,, Pendente,,,,,,,,,,,,,,,,,,,,,,,,,,
,,,Contas a pagar,1,1,,2026,mai,5/1/2026,5/10/2026,12/4/2025,5/10/2026,BJL,Mercado Livre,MERCADO PAGO - Principal,Cartão Mercado Pago,Despesas administrativas,Telefone,Parcela 5/11; Compra do Iphone,R$  118.50 ,, Pendente,,,,,,,,,,,,,,,,,,,,,,,,,,
,,,Contas a pagar,1,1,,2026,jun,6/1/2026,6/10/2026,12/4/2025,6/10/2026,BJL,Mercado Livre,MERCADO PAGO - Principal,Cartão Mercado Pago,Despesas administrativas,Telefone,Parcela 6/11; Compra do Iphone,R$  118.50 ,, Pendente,,,,,,,,,,,,,,,,,,,,,,,,,,
,,,Contas a pagar,1,1,,2026,jul,7/1/2026,7/10/2026,12/4/2025,7/10/2026,BJL,Mercado Livre,MERCADO PAGO - Principal,Cartão Mercado Pago,Despesas administrativas,Telefone,Parcela 7/11; Compra do Iphone,R$  118.50 ,, Pendente,,,,,,,,,,,,,,,,,,,,,,,,,,
,,,Contas a pagar,1,1,,2026,ago,8/1/2026,8/10/2026,12/4/2025,8/10/2026,BJL,Mercado Livre,MERCADO PAGO - Principal,Cartão Mercado Pago,Despesas administrativas,Telefone,Parcela 8/11; Compra do Iphone,R$  118.50 ,, Pendente,,,,,,,,,,,,,,,,,,,,,,,,,,
,,,Contas a pagar,1,1,,2026,set,9/1/2026,9/10/2026,12/4/2025,9/10/2026,BJL,Mercado Livre,MERCADO PAGO - Principal,Cartão Mercado Pago,Despesas administrativas,Telefone,Parcela 9/11; Compra do Iphone,R$  118.50 ,, Pendente,,,,,,,,,,,,,,,,,,,,,,,,,,
,,,Contas a pagar,1,1,,2026,out,10/1/2026,10/10/2026,12/4/2025,10/10/2026,BJL,Mercado Livre,MERCADO PAGO - Principal,Cartão Mercado Pago,Despesas administrativas,Telefone,Parcela 10/11; Compra do Iphone,R$  118.50 ,, Pendente,,,,,,,,,,,,,,,,,,,,,,,,,,
,,,Contas a pagar,1,1,,2026,nov,11/1/2026,11/10/2026,12/4/2025,11/10/2026,BJL,Mercado Livre,MERCADO PAGO - Principal,Cartão Mercado Pago,Despesas administrativas,Telefone,Parcela 11/11; Compra do Iphone,R$  118.50 ,, Pendente,,,,,,,,,,,,,,,,,,,,,,,,,,
,,,Contas a pagar,1,1,,2026,mar,3/1/2026,3/4/2026,12/4/2025,3/4/2026,BJL,Mercado Livre,MERCADO PAGO - Principal,Cartão Mercado Pago,Maquinario,Maquinario - Editar esta Sub,Parcela 3/8; Compra de parafusadeira de walt,R$  71.63 ,, Pendente,,,,,,,,,,,,,,,,,,,,,,,,,,
,,,Contas a pagar,1,1,,2026,abr,4/1/2026,4/4/2026,12/4/2025,4/4/2026,BJL,Mercado Livre,MERCADO PAGO - Principal,Cartão Mercado Pago,Maquinario,Maquinario - Editar esta Sub,Parcela 4/8; Compra de parafusadeira de walt,R$  71.63 ,, Pendente,,,,,,,,,,,,,,,,,,,,,,,,,,
,,,Contas a pagar,1,1,,2026,mai,5/1/2026,5/4/2026,12/4/2025,5/4/2026,BJL,Mercado Livre,MERCADO PAGO - Principal,Cartão Mercado Pago,Maquinario,Maquinario - Editar esta Sub,Parcela 5/8; Compra de parafusadeira de walt,R$  71.63 ,, Pendente,,,,,,,,,,,,,,,,,,,,,,,,,,
,,,Contas a pagar,1,1,,2026,jun,6/1/2026,6/4/2026,12/4/2025,6/4/2026,BJL,Mercado Livre,MERCADO PAGO - Principal,Cartão Mercado Pago,Maquinario,Maquinario - Editar esta Sub,Parcela 6/8; Compra de parafusadeira de walt,R$  71.63 ,, Pendente,,,,,,,,,,,,,,,,,,,,,,,,,,
,,,Contas a pagar,1,1,,2026,jul,7/1/2026,7/4/2026,12/4/2025,7/4/2026,BJL,Mercado Livre,MERCADO PAGO - Principal,Cartão Mercado Pago,Maquinario,Maquinario - Editar esta Sub,Parcela 7/8; Compra de parafusadeira de walt,R$  71.63 ,, Pendente,,,,,,,,,,,,,,,,,,,,,,,,,,
,,,Contas a pagar,1,1,,2026,ago,8/1/2026,8/4/2026,12/4/2025,8/4/2026,BJL,Mercado Livre,MERCADO PAGO - Principal,Cartão Mercado Pago,Maquinario,Maquinario - Editar esta Sub,Parcela 8/8; Compra de parafusadeira de walt,R$  71.63 ,, Pendente,,,,,,,,,,,,,,,,,,,,,,,,,,
,,,Contas a pagar,1,1,,2026,mar,3/1/2026,3/10/2026,12/4/2025,3/10/2026,BJL,Mercado Livre,MERCADO PAGO - Principal,Cartão Mercado Pago,Maquinario,Maquinario - Editar esta Sub,Parcela 3/11; Compra de parafusadeira de walt,R$  79.73 ,, Pendente,,,,,,,,,,,,,,,,,,,,,,,,,,
,,,Contas a pagar,1,1,,2026,abr,4/1/2026,4/10/2026,12/4/2025,4/10/2026,BJL,Mercado Livre,MERCADO PAGO - Principal,Cartão Mercado Pago,Maquinario,Maquinario - Editar esta Sub,Parcela 4/11; Compra de parafusadeira de walt,R$  79.73 ,, Pendente,,,,,,,,,,,,,,,,,,,,,,,,,,
,,,Contas a pagar,1,1,,2026,mai,5/1/2026,5/10/2026,12/4/2025,5/10/2026,BJL,Mercado Livre,MERCADO PAGO - Principal,Cartão Mercado Pago,Maquinario,Maquinario - Editar esta Sub,Parcela 5/11; Compra de parafusadeira de walt,R$  79.73 ,, Pendente,,,,,,,,,,,,,,,,,,,,,,,,,,
,,,Contas a pagar,1,1,,2026,jun,6/1/2026,6/10/2026,12/4/2025,6/10/2026,BJL,Mercado Livre,MERCADO PAGO - Principal,Cartão Mercado Pago,Maquinario,Maquinario - Editar esta Sub,Parcela 6/11; Compra de parafusadeira de walt,R$  79.73 ,, Pendente,,,,,,,,,,,,,,,,,,,,,,,,,,
,,,Contas a pagar,1,1,,2026,jul,7/1/2026,7/10/2026,12/4/2025,7/10/2026,BJL,Mercado Livre,MERCADO PAGO - Principal,Cartão Mercado Pago,Maquinario,Maquinario - Editar esta Sub,Parcela 7/11; Compra de parafusadeira de walt,R$  79.73 ,, Pendente,,,,,,,,,,,,,,,,,,,,,,,,,,
,,,Contas a pagar,1,1,,2026,ago,8/1/2026,8/10/2026,12/4/2025,8/10/2026,BJL,Mercado Livre,MERCADO PAGO - Principal,Cartão Mercado Pago,Maquinario,Maquinario - Editar esta Sub,Parcela 8/11; Compra de parafusadeira de walt,R$  79.73 ,, Pendente,,,,,,,,,,,,,,,,,,,,,,,,,,
,,,Contas a pagar,1,1,,2026,set,9/1/2026,9/10/2026,12/4/2025,9/10/2026,BJL,Mercado Livre,MERCADO PAGO - Principal,Cartão Mercado Pago,Maquinario,Maquinario - Editar esta Sub,Parcela 9/11; Compra de parafusadeira de walt,R$  79.73 ,, Pendente,,,,,,,,,,,,,,,,,,,,,,,,,,
,,,Contas a pagar,1,1,,2026,out,10/1/2026,10/10/2026,12/4/2025,10/10/2026,BJL,Mercado Livre,MERCADO PAGO - Principal,Cartão Mercado Pago,Maquinario,Maquinario - Editar esta Sub,Parcela 10/11; Compra de parafusadeira de walt,R$  79.73 ,, Pendente,,,,,,,,,,,,,,,,,,,,,,,,,,
,,,Contas a pagar,1,1,,2026,nov,11/1/2026,11/10/2026,12/4/2025,11/10/2026,BJL,Mercado Livre,MERCADO PAGO - Principal,Cartão Mercado Pago,Maquinario,Maquinario - Editar esta Sub,Parcela 11/11; Compra de parafusadeira de walt,R$  79.73 ,, Pendente,,,,,,,,,,,,,,,,,,,,,,,,,,
,,,Contas a pagar,1,1,,2026,mar,3/1/2026,3/10/2026,12/4/2025,3/10/2026,Serviço,BRUTA MADEIRAS LTDA,NUBANK - Principal,Cartão Nubank,Custo dos serviços,Compra de material,Parcela 3/3; Compra de material Bruta,R$  307.00 ,, Pendente,,,,,,,,,,,,,,,,,,,,,,,,,,
,,,Contas a pagar,1,1,,2026,fev,2/1/2026,2/19/2026,12/4/2025,2/19/2026,Serviço,C H M MORAIS E CIA LTDA,ITAU - Principal,Boleto,Custo dos serviços,Compra de material,Parcela 2/2; Compra de Material C&D,R$  743.78 ,, Pendente,36398,,,,,,,,,,,,,,,,,,,,,,,,,
,,,Contas a pagar,1,1,,2026,mar,3/1/2026,3/10/2026,12/4/2025,3/10/2026,Serviço,BRUTA MADEIRAS LTDA,NUBANK - Principal,Cartão Nubank,Custo dos serviços,Compra de material,Parcela 3/3; Compra de Material na Bruta,R$  277.00 ,, Pendente,,,,,,,,,,,,,,,,,,,,,,,,,,
,,,Contas a pagar,1,1,,2026,fev,2/1/2026,2/16/2026,12/4/2025,2/16/2026,Serviço,C H M MORAIS E CIA LTDA,ITAU - Principal,Boleto,Custo dos serviços,Compra de material,Parcela 2/3; Compra de Material C&D,"R$  1,168.33 ",, Pendente,36821,,,,,,,,,,,,,,,,,,,,,,,,,
,,,Contas a pagar,1,1,,2026,mar,3/1/2026,3/5/2026,2/5/2026,3/5/2026,Setor Administrativo,,,,Despesas administrativas,Energia,"Conta de Energia - Referente ao Ms 3/2026 (Despesa recorrente)""",R$  300.00 ,, Pendente,,,,,,,,,,,,,,,,,,,,,,,,,,
,,,Contas a pagar,1,1,,2026,abr,4/1/2026,4/5/2026,3/5/2026,4/5/2026,Setor Administrativo,,,,Despesas administrativas,Energia,"Conta de Energia - Referente ao Ms 4/2026 (Despesa recorrente)""",R$  300.00 ,, Pendente,,,,,,,,,,,,,,,,,,,,,,,,,,
,,,Contas a pagar,1,1,,2026,mai,5/1/2026,5/5/2026,4/5/2026,5/5/2026,Setor Administrativo,,,,Despesas administrativas,Energia,"Conta de Energia - Referente ao Ms 5/2026 (Despesa recorrente)""",R$  300.00 ,, Pendente,,,,,,,,,,,,,,,,,,,,,,,,,,
,,,Contas a pagar,1,1,,2026,jun,6/1/2026,6/5/2026,5/5/2026,6/5/2026,Setor Administrativo,,,,Despesas administrativas,Energia,"Conta de Energia - Referente ao Ms 6/2026 (Despesa recorrente)""",R$  300.00 ,, Pendente,,,,,,,,,,,,,,,,,,,,,,,,,,
,,,Contas a pagar,1,1,,2026,jul,7/1/2026,7/5/2026,6/5/2026,7/5/2026,Setor Administrativo,,,,Despesas administrativas,Energia,"Conta de Energia - Referente ao Ms 7/2026 (Despesa recorrente)""",R$  300.00 ,, Pendente,,,,,,,,,,,,,,,,,,,,,,,,,,
,,,Contas a pagar,1,1,,2026,ago,8/1/2026,8/5/2026,7/5/2026,8/5/2026,Setor Administrativo,,,,Despesas administrativas,Energia,"Conta de Energia - Referente ao Ms 8/2026 (Despesa recorrente)""",R$  300.00 ,, Pendente,,,,,,,,,,,,,,,,,,,,,,,,,,
,,,Contas a pagar,1,1,,2026,set,9/1/2026,9/5/2026,8/5/2026,9/5/2026,Setor Administrativo,,,,Despesas administrativas,Energia,"Conta de Energia - Referente ao Ms 9/2026 (Despesa recorrente)""",R$  300.00 ,, Pendente,,,,,,,,,,,,,,,,,,,,,,,,,,
,,,Contas a pagar,1,1,,2026,out,10/1/2026,10/5/2026,9/5/2026,10/5/2026,Setor Administrativo,,,,Despesas administrativas,Energia,"Conta de Energia - Referente ao Ms 10/2026 (Despesa recorrente)""",R$  300.00 ,, Pendente,,,,,,,,,,,,,,,,,,,,,,,,,,
,,,Contas a pagar,1,1,,2026,nov,11/1/2026,11/5/2026,10/5/2026,11/5/2026,Setor Administrativo,,,,Despesas administrativas,Energia,"Conta de Energia - Referente ao Ms 11/2026 (Despesa recorrente)""",R$  300.00 ,, Pendente,,,,,,,,,,,,,,,,,,,,,,,,,,
,,,Contas a pagar,1,1,,2026,dez,12/1/2026,12/5/2026,11/5/2026,12/5/2026,Setor Administrativo,,,,Despesas administrativas,Energia,"Conta de Energia - Referente ao Ms 12/2026 (Despesa recorrente)""",R$  300.00 ,, Pendente,,,,,,,,,,,,,,,,,,,,,,,,,,
,,,Contas a pagar,1,1,,2026,fev,2/1/2026,2/18/2026,10/10/2025,2/18/2026,,BRUTA MADEIRAS LTDA,ITAU - Principal,Cartão Nubank,Custo dos serviços,Compra de material,Parcela 2/2; Compra na Bruta,R$  324.90 ,, Pendente,,,,,,,,,,,,,,,,,,,,,,,,,,
,,,Contas a pagar,1,1,,2026,mar,3/1/2026,3/10/2026,2/10/2026,3/10/2026,Setor Administrativo,,,,Despesas administrativas,Água,"Conta de água - Referente ao Ms 3/2026 (Despesa recorrente)""",R$  80.00 ,, Pendente,,,,,,,,,,,,,,,,,,,,,,,,,,
,,,Contas a pagar,1,1,,2026,abr,4/1/2026,4/10/2026,3/10/2026,4/10/2026,Setor Administrativo,,,,Despesas administrativas,Água,"Conta de água - Referente ao Ms 4/2026 (Despesa recorrente)""",R$  80.00 ,, Pendente,,,,,,,,,,,,,,,,,,,,,,,,,,
,,,Contas a pagar,1,1,,2026,mai,5/1/2026,5/10/2026,4/10/2026,5/10/2026,Setor Administrativo,,,,Despesas administrativas,Água,"Conta de água - Referente ao Ms 5/2026 (Despesa recorrente)""",R$  80.00 ,, Pendente,,,,,,,,,,,,,,,,,,,,,,,,,,
,,,Contas a pagar,1,1,,2026,jun,6/1/2026,6/10/2026,5/10/2026,6/10/2026,Setor Administrativo,,,,Despesas administrativas,Água,"Conta de água - Referente ao Ms 6/2026 (Despesa recorrente)""",R$  80.00 ,, Pendente,,,,,,,,,,,,,,,,,,,,,,,,,,
,,,Contas a pagar,1,1,,2026,jul,7/1/2026,7/10/2026,6/10/2026,7/10/2026,Setor Administrativo,,,,Despesas administrativas,Água,"Conta de água - Referente ao Ms 7/2026 (Despesa recorrente)""",R$  80.00 ,, Pendente,,,,,,,,,,,,,,,,,,,,,,,,,,
,,,Contas a pagar,1,1,,2026,ago,8/1/2026,8/10/2026,7/10/2026,8/10/2026,Setor Administrativo,,,,Despesas administrativas,Água,"Conta de água - Referente ao Ms 8/2026 (Despesa recorrente)""",R$  80.00 ,, Pendente,,,,,,,,,,,,,,,,,,,,,,,,,,
,,,Contas a pagar,1,1,,2026,set,9/1/2026,9/10/2026,8/10/2026,9/10/2026,Setor Administrativo,,,,Despesas administrativas,Água,"Conta de água - Referente ao Ms 9/2026 (Despesa recorrente)""",R$  80.00 ,, Pendente,,,,,,,,,,,,,,,,,,,,,,,,,,
,,,Contas a pagar,1,1,,2026,out,10/1/2026,10/10/2026,9/10/2026,10/10/2026,Setor Administrativo,,,,Despesas administrativas,Água,"Conta de água - Referente ao Ms 10/2026 (Despesa recorrente)""",R$  80.00 ,, Pendente,,,,,,,,,,,,,,,,,,,,,,,,,,
,,,Contas a pagar,1,1,,2026,nov,11/1/2026,11/10/2026,10/10/2026,11/10/2026,Setor Administrativo,,,,Despesas administrativas,Água,"Conta de água - Referente ao Ms 11/2026 (Despesa recorrente)""",R$  80.00 ,, Pendente,,,,,,,,,,,,,,,,,,,,,,,,,,
,,,Contas a pagar,1,1,,2026,dez,12/1/2026,12/10/2026,11/10/2026,12/10/2026,Setor Administrativo,,,,Despesas administrativas,Água,"Conta de água - Referente ao Ms 12/2026 (Despesa recorrente)""",R$  80.00 ,, Pendente,,,,,,,,,,,,,,,,,,,,,,,,,,
,,,Contas a pagar,1,1,,2026,fev,2/1/2026,2/18/2026,12/10/2025,2/18/2026,,BRUTA MADEIRAS LTDA,ITAU - Principal,Cartão Nubank,Custo dos serviços,Compra de material,Parcela 2/4; Compra de material na Bruta,R$  405.50 ,, Pendente,,,,,,,,,,,,,,,,,,,,,,,,,,
,,,Contas a pagar,1,1,,2026,mar,3/1/2026,3/10/2026,2/12/2026,3/10/2026,Setor Administrativo,,,,Despesas administrativas,Internet,"Internet do galpão - Referente ao Ms 3/2026 (Despesa recorrente)""",R$  80.00 ,, Pendente,,,,,,,,,,,,,,,,,,,,,,,,,,
,,,Contas a pagar,1,1,,2026,abr,4/1/2026,4/10/2026,3/12/2026,4/10/2026,Setor Administrativo,,,,Despesas administrativas,Internet,"Internet do galpão - Referente ao Ms 4/2026 (Despesa recorrente)""",R$  80.00 ,, Pendente,,,,,,,,,,,,,,,,,,,,,,,,,,
,,,Contas a pagar,1,1,,2026,mai,5/1/2026,5/10/2026,4/12/2026,5/10/2026,Setor Administrativo,,,,Despesas administrativas,Internet,"Internet do galpão - Referente ao Ms 5/2026 (Despesa recorrente)""",R$  80.00 ,, Pendente,,,,,,,,,,,,,,,,,,,,,,,,,,
,,,Contas a pagar,1,1,,2026,jun,6/1/2026,6/10/2026,5/12/2026,6/10/2026,Setor Administrativo,,,,Despesas administrativas,Internet,"Internet do galpão - Referente ao Ms 6/2026 (Despesa recorrente)""",R$  80.00 ,, Pendente,,,,,,,,,,,,,,,,,,,,,,,,,,
,,,Contas a pagar,1,1,,2026,jul,7/1/2026,7/10/2026,6/12/2026,7/10/2026,Setor Administrativo,,,,Despesas administrativas,Internet,"Internet do galpão - Referente ao Ms 7/2026 (Despesa recorrente)""",R$  80.00 ,, Pendente,,,,,,,,,,,,,,,,,,,,,,,,,,
,,,Contas a pagar,1,1,,2026,ago,8/1/2026,8/10/2026,7/12/2026,8/10/2026,Setor Administrativo,,,,Despesas administrativas,Internet,"Internet do galpão - Referente ao Ms 8/2026 (Despesa recorrente)""",R$  80.00 ,, Pendente,,,,,,,,,,,,,,,,,,,,,,,,,,
,,,Contas a pagar,1,1,,2026,set,9/1/2026,9/10/2026,8/12/2026,9/10/2026,Setor Administrativo,,,,Despesas administrativas,Internet,"Internet do galpão - Referente ao Ms 9/2026 (Despesa recorrente)""",R$  80.00 ,, Pendente,,,,,,,,,,,,,,,,,,,,,,,,,,
,,,Contas a pagar,1,1,,2026,out,10/1/2026,10/10/2026,9/12/2026,10/10/2026,Setor Administrativo,,,,Despesas administrativas,Internet,"Internet do galpão - Referente ao Ms 10/2026 (Despesa recorrente)""",R$  80.00 ,, Pendente,,,,,,,,,,,,,,,,,,,,,,,,,,
,,,Contas a pagar,1,1,,2026,nov,11/1/2026,11/10/2026,10/12/2026,11/10/2026,Setor Administrativo,,,,Despesas administrativas,Internet,"Internet do galpão - Referente ao Ms 11/2026 (Despesa recorrente)""",R$  80.00 ,, Pendente,,,,,,,,,,,,,,,,,,,,,,,,,,
,,,Contas a pagar,1,1,,2026,dez,12/1/2026,12/10/2026,11/12/2026,12/10/2026,Setor Administrativo,,,,Despesas administrativas,Internet,"Internet do galpão - Referente ao Ms 12/2026 (Despesa recorrente)""",R$  80.00 ,, Pendente,,,,,,,,,,,,,,,,,,,,,,,,,,
,,,Contas a pagar,1,1,,2026,fev,2/1/2026,2/18/2026,12/4/2025,2/18/2026,Serviço,BRUTA MADEIRAS LTDA,ITAU - Principal,Cartão Nubank,Custo dos serviços,Compra de material,Parcela 2/2; Compra de material na Bruta,R$  222.75 ,, Pendente,,,,,,,,,,,,,,,,,,,,,,,,,,
,,,Contas a pagar,1,1,,2026,mar,3/1/2026,3/10/2026,2/10/2026,3/10/2026,Setor Administrativo,,,,Despesas administrativas,Aluguel,"Aluguel do galpão  - Referente ao Ms 3/2026 (Despesa recorrente)""","R$  1,000.00 ",, Pendente,,,,,,,,,,,,,,,,,,,,,,,,,,
,,,Contas a pagar,1,1,,2026,abr,4/1/2026,4/10/2026,3/10/2026,4/10/2026,Setor Administrativo,,,,Despesas administrativas,Aluguel,"Aluguel do galpão  - Referente ao Ms 4/2026 (Despesa recorrente)""","R$  1,000.00 ",, Pendente,,,,,,,,,,,,,,,,,,,,,,,,,,
,,,Contas a pagar,1,1,,2026,mai,5/1/2026,5/10/2026,4/10/2026,5/10/2026,Setor Administrativo,,,,Despesas administrativas,Aluguel,"Aluguel do galpão  - Referente ao Ms 5/2026 (Despesa recorrente)""","R$  1,000.00 ",, Pendente,,,,,,,,,,,,,,,,,,,,,,,,,,
,,,Contas a pagar,1,1,,2026,jun,6/1/2026,6/10/2026,5/10/2026,6/10/2026,Setor Administrativo,,,,Despesas administrativas,Aluguel,"Aluguel do galpão  - Referente ao Ms 6/2026 (Despesa recorrente)""","R$  1,000.00 ",, Pendente,,,,,,,,,,,,,,,,,,,,,,,,,,
,,,Contas a pagar,1,1,,2026,jul,7/1/2026,7/10/2026,6/10/2026,7/10/2026,Setor Administrativo,,,,Despesas administrativas,Aluguel,"Aluguel do galpão  - Referente ao Ms 7/2026 (Despesa recorrente)""","R$  1,000.00 ",, Pendente,,,,,,,,,,,,,,,,,,,,,,,,,,
,,,Contas a pagar,1,1,,2026,ago,8/1/2026,8/10/2026,7/10/2026,8/10/2026,Setor Administrativo,,,,Despesas administrativas,Aluguel,"Aluguel do galpão  - Referente ao Ms 8/2026 (Despesa recorrente)""","R$  1,000.00 ",, Pendente,,,,,,,,,,,,,,,,,,,,,,,,,,
,,,Contas a pagar,1,1,,2026,set,9/1/2026,9/10/2026,8/10/2026,9/10/2026,Setor Administrativo,,,,Despesas administrativas,Aluguel,"Aluguel do galpão  - Referente ao Ms 9/2026 (Despesa recorrente)""","R$  1,000.00 ",, Pendente,,,,,,,,,,,,,,,,,,,,,,,,,,
,,,Contas a pagar,1,1,,2026,out,10/1/2026,10/10/2026,9/10/2026,10/10/2026,Setor Administrativo,,,,Despesas administrativas,Aluguel,"Aluguel do galpão  - Referente ao Ms 10/2026 (Despesa recorrente)""","R$  1,000.00 ",, Pendente,,,,,,,,,,,,,,,,,,,,,,,,,,
,,,Contas a pagar,1,1,,2026,nov,11/1/2026,11/10/2026,10/10/2026,11/10/2026,Setor Administrativo,,,,Despesas administrativas,Aluguel,"Aluguel do galpão  - Referente ao Ms 11/2026 (Despesa recorrente)""","R$  1,000.00 ",, Pendente,,,,,,,,,,,,,,,,,,,,,,,,,,
,,,Contas a pagar,1,1,,2026,dez,12/1/2026,12/10/2026,11/10/2026,12/10/2026,Setor Administrativo,,,,Despesas administrativas,Aluguel,"Aluguel do galpão  - Referente ao Ms 12/2026 (Despesa recorrente)""","R$  1,000.00 ",, Pendente,,,,,,,,,,,,,,,,,,,,,,,,,,
,,,Contas a pagar,1,1,,2026,fev,2/1/2026,2/18/2026,12/4/2025,2/18/2026,Serviço,BRUTA MADEIRAS LTDA,ITAU - Principal,Cartão Nubank,Custo dos serviços,Compra de material,Parcela 2/3; Compra de material Bruta,R$  307.00 ,, Pendente,,,,,,,,,,,,,,,,,,,,,,,,,,
,,,Contas a pagar,1,1,,2026,mar,3/1/2026,3/5/2026,3/5/2026,3/5/2026,Setor Administrativo,,,,Despesas com pessoal,Salários,"Salário José Luiz  - Referente ao Ms 3/2026 (Despesa recorrente)""","R$  2,500.00 ",, Pendente,,,,,,,,,,,,,,,,,,,,,,,,,,
,,,Contas a pagar,1,1,,2026,abr,4/1/2026,4/5/2026,4/5/2026,4/5/2026,Setor Administrativo,,,,Despesas com pessoal,Salários,"Salário José Luiz  - Referente ao Ms 4/2026 (Despesa recorrente)""","R$  2,500.00 ",, Pendente,,,,,,,,,,,,,,,,,,,,,,,,,,
,,,Contas a pagar,1,1,,2026,mai,5/1/2026,5/5/2026,5/5/2026,5/5/2026,Setor Administrativo,,,,Despesas com pessoal,Salários,"Salário José Luiz  - Referente ao Ms 5/2026 (Despesa recorrente)""","R$  2,500.00 ",, Pendente,,,,,,,,,,,,,,,,,,,,,,,,,,
,,,Contas a pagar,1,1,,2026,jun,6/1/2026,6/5/2026,6/5/2026,6/5/2026,Setor Administrativo,,,,Despesas com pessoal,Salários,"Salário José Luiz  - Referente ao Ms 6/2026 (Despesa recorrente)""","R$  2,500.00 ",, Pendente,,,,,,,,,,,,,,,,,,,,,,,,,,
,,,Contas a pagar,1,1,,2026,jul,7/1/2026,7/5/2026,7/5/2026,7/5/2026,Setor Administrativo,,,,Despesas com pessoal,Salários,"Salário José Luiz  - Referente ao Ms 7/2026 (Despesa recorrente)""","R$  2,500.00 ",, Pendente,,,,,,,,,,,,,,,,,,,,,,,,,,
,,,Contas a pagar,1,1,,2026,ago,8/1/2026,8/5/2026,8/5/2026,8/5/2026,Setor Administrativo,,,,Despesas com pessoal,Salários,"Salário José Luiz  - Referente ao Ms 8/2026 (Despesa recorrente)""","R$  2,500.00 ",, Pendente,,,,,,,,,,,,,,,,,,,,,,,,,,
,,,Contas a pagar,1,1,,2026,set,9/1/2026,9/5/2026,9/5/2026,9/5/2026,Setor Administrativo,,,,Despesas com pessoal,Salários,"Salário José Luiz  - Referente ao Ms 9/2026 (Despesa recorrente)""","R$  2,500.00 ",, Pendente,,,,,,,,,,,,,,,,,,,,,,,,,,
,,,Contas a pagar,1,1,,2026,out,10/1/2026,10/5/2026,10/5/2026,10/5/2026,Setor Administrativo,,,,Despesas com pessoal,Salários,"Salário José Luiz  - Referente ao Ms 10/2026 (Despesa recorrente)""","R$  2,500.00 ",, Pendente,,,,,,,,,,,,,,,,,,,,,,,,,,
,,,Contas a pagar,1,1,,2026,nov,11/1/2026,11/5/2026,11/5/2026,11/5/2026,Setor Administrativo,,,,Despesas com pessoal,Salários,"Salário José Luiz  - Referente ao Ms 11/2026 (Despesa recorrente)""","R$  2,500.00 ",, Pendente,,,,,,,,,,,,,,,,,,,,,,,,,,
,,,Contas a pagar,1,1,,2026,dez,12/1/2026,12/5/2026,12/5/2026,12/5/2026,Setor Administrativo,,,,Despesas com pessoal,Salários,"Salário José Luiz  - Referente ao Ms 12/2026 (Despesa recorrente)""","R$  2,500.00 ",, Pendente,,,,,,,,,,,,,,,,,,,,,,,,,,
,,,Contas a pagar,1,1,,2026,mar,3/1/2026,3/5/2026,2/5/2026,3/5/2026,Setor Administrativo,,,,Despesas com pessoal,Salários,"Salário Felipe - Referente ao Ms 3/2026 (Despesa recorrente)""","R$  2,500.00 ",, Pendente,,,,,,,,,,,,,,,,,,,,,,,,,,
,,,Contas a pagar,1,1,,2026,abr,4/1/2026,4/5/2026,3/5/2026,4/5/2026,Setor Administrativo,,,,Despesas com pessoal,Salários,"Salário Felipe - Referente ao Ms 4/2026 (Despesa recorrente)""","R$  2,500.00 ",, Pendente,,,,,,,,,,,,,,,,,,,,,,,,,,
,,,Contas a pagar,1,1,,2026,mai,5/1/2026,5/5/2026,4/5/2026,5/5/2026,Setor Administrativo,,,,Despesas com pessoal,Salários,"Salário Felipe - Referente ao Ms 5/2026 (Despesa recorrente)""","R$  2,500.00 ",, Pendente,,,,,,,,,,,,,,,,,,,,,,,,,,
,,,Contas a pagar,1,1,,2026,jun,6/1/2026,6/5/2026,5/5/2026,6/5/2026,Setor Administrativo,,,,Despesas com pessoal,Salários,"Salário Felipe - Referente ao Ms 6/2026 (Despesa recorrente)""","R$  2,500.00 ",, Pendente,,,,,,,,,,,,,,,,,,,,,,,,,,
,,,Contas a pagar,1,1,,2026,jul,7/1/2026,7/5/2026,6/5/2026,7/5/2026,Setor Administrativo,,,,Despesas com pessoal,Salários,"Salário Felipe - Referente ao Ms 7/2026 (Despesa recorrente)""","R$  2,500.00 ",, Pendente,,,,,,,,,,,,,,,,,,,,,,,,,,
,,,Contas a pagar,1,1,,2026,ago,8/1/2026,8/5/2026,7/5/2026,8/5/2026,Setor Administrativo,,,,Despesas com pessoal,Salários,"Salário Felipe - Referente ao Ms 8/2026 (Despesa recorrente)""","R$  2,500.00 ",, Pendente,,,,,,,,,,,,,,,,,,,,,,,,,,
,,,Contas a pagar,1,1,,2026,set,9/1/2026,9/5/2026,8/5/2026,9/5/2026,Setor Administrativo,,,,Despesas com pessoal,Salários,"Salário Felipe - Referente ao Ms 9/2026 (Despesa recorrente)""","R$  2,500.00 ",, Pendente,,,,,,,,,,,,,,,,,,,,,,,,,,
,,,Contas a pagar,1,1,,2026,out,10/1/2026,10/5/2026,9/5/2026,10/5/2026,Setor Administrativo,,,,Despesas com pessoal,Salários,"Salário Felipe - Referente ao Ms 10/2026 (Despesa recorrente)""","R$  2,500.00 ",, Pendente,,,,,,,,,,,,,,,,,,,,,,,,,,
,,,Contas a pagar,1,1,,2026,nov,11/1/2026,11/5/2026,10/5/2026,11/5/2026,Setor Administrativo,,,,Despesas com pessoal,Salários,"Salário Felipe - Referente ao Ms 11/2026 (Despesa recorrente)""","R$  2,500.00 ",, Pendente,,,,,,,,,,,,,,,,,,,,,,,,,,
,,,Contas a pagar,1,1,,2026,dez,12/1/2026,12/5/2026,11/5/2026,12/5/2026,Setor Administrativo,,,,Despesas com pessoal,Salários,"Salário Felipe - Referente ao Ms 12/2026 (Despesa recorrente)""","R$  2,500.00 ",, Pendente,,,,,,,,,,,,,,,,,,,,,,,,,,
,,,Contas a pagar,1,1,,2026,fev,2/1/2026,2/18/2026,12/4/2025,2/18/2026,Serviço,BRUTA MADEIRAS LTDA,ITAU - Principal,Cartão Nubank,Custo dos serviços,Compra de material,Parcela 2/3; Compra de Material na Bruta,R$  277.00 ,, Pendente,,,,,,,,,,,,,,,,,,,,,,,,,,
,,,Contas a pagar,1,1,,2026,mar,3/1/2026,3/5/2026,2/5/2026,3/5/2026,Setor Administrativo,,,,Despesas com pessoal,Salários,"Salario Lucas - Referente ao Ms 3/2026 (Despesa recorrente)""","R$  2,000.00 ",, Pendente,,,,,,,,,,,,,,,,,,,,,,,,,,
,,,Contas a pagar,1,1,,2026,abr,4/1/2026,4/5/2026,3/5/2026,4/5/2026,Setor Administrativo,,,,Despesas com pessoal,Salários,"Salario Lucas - Referente ao Ms 4/2026 (Despesa recorrente)""","R$  2,000.00 ",, Pendente,,,,,,,,,,,,,,,,,,,,,,,,,,
,,,Contas a pagar,1,1,,2026,mai,5/1/2026,5/5/2026,4/5/2026,5/5/2026,Setor Administrativo,,,,Despesas com pessoal,Salários,"Salario Lucas - Referente ao Ms 5/2026 (Despesa recorrente)""","R$  2,000.00 ",, Pendente,,,,,,,,,,,,,,,,,,,,,,,,,,
,,,Contas a pagar,1,1,,2026,jun,6/1/2026,6/5/2026,5/5/2026,6/5/2026,Setor Administrativo,,,,Despesas com pessoal,Salários,"Salario Lucas - Referente ao Ms 6/2026 (Despesa recorrente)""","R$  2,000.00 ",, Pendente,,,,,,,,,,,,,,,,,,,,,,,,,,
,,,Contas a pagar,1,1,,2026,jul,7/1/2026,7/5/2026,6/5/2026,7/5/2026,Setor Administrativo,,,,Despesas com pessoal,Salários,"Salario Lucas - Referente ao Ms 7/2026 (Despesa recorrente)""","R$  2,000.00 ",, Pendente,,,,,,,,,,,,,,,,,,,,,,,,,,
,,,Contas a pagar,1,1,,2026,ago,8/1/2026,8/5/2026,7/5/2026,8/5/2026,Setor Administrativo,,,,Despesas com pessoal,Salários,"Salario Lucas - Referente ao Ms 8/2026 (Despesa recorrente)""","R$  2,000.00 ",, Pendente,,,,,,,,,,,,,,,,,,,,,,,,,,
,,,Contas a pagar,1,1,,2026,set,9/1/2026,9/5/2026,8/5/2026,9/5/2026,Setor Administrativo,,,,Despesas com pessoal,Salários,"Salario Lucas - Referente ao Ms 9/2026 (Despesa recorrente)""","R$  2,000.00 ",, Pendente,,,,,,,,,,,,,,,,,,,,,,,,,,
,,,Contas a pagar,1,1,,2026,out,10/1/2026,10/5/2026,9/5/2026,10/5/2026,Setor Administrativo,,,,Despesas com pessoal,Salários,"Salario Lucas - Referente ao Ms 10/2026 (Despesa recorrente)""","R$  2,000.00 ",, Pendente,,,,,,,,,,,,,,,,,,,,,,,,,,
,,,Contas a pagar,1,1,,2026,nov,11/1/2026,11/5/2026,10/5/2026,11/5/2026,Setor Administrativo,,,,Despesas com pessoal,Salários,"Salario Lucas - Referente ao Ms 11/2026 (Despesa recorrente)""","R$  2,000.00 ",, Pendente,,,,,,,,,,,,,,,,,,,,,,,,,,
,,,Contas a pagar,1,1,,2026,dez,12/1/2026,12/5/2026,11/5/2026,12/5/2026,Setor Administrativo,,,,Despesas com pessoal,Salários,"Salario Lucas - Referente ao Ms 12/2026 (Despesa recorrente)""","R$  2,000.00 ",, Pendente,,,,,,,,,,,,,,,,,,,,,,,,,,
,,,Contas a pagar,1,1,,2026,mar,3/1/2026,3/10/2026,2/10/2026,3/10/2026,Setor Contabilidade,,,,Serviços de terceiros,Contabilidade,"Contadora - Referente ao Ms 3/2026 (Despesa recorrente)""",R$  300.00 ,, Pendente,,,,,,,,,,,,,,,,,,,,,,,,,,
,,,Contas a pagar,1,1,,2026,abr,4/1/2026,4/10/2026,3/10/2026,4/10/2026,Setor Contabilidade,,,,Serviços de terceiros,Contabilidade,"Contadora - Referente ao Ms 4/2026 (Despesa recorrente)""",R$  300.00 ,, Pendente,,,,,,,,,,,,,,,,,,,,,,,,,,
,,,Contas a pagar,1,1,,2026,mai,5/1/2026,5/10/2026,4/10/2026,5/10/2026,Setor Contabilidade,,,,Serviços de terceiros,Contabilidade,"Contadora - Referente ao Ms 5/2026 (Despesa recorrente)""",R$  300.00 ,, Pendente,,,,,,,,,,,,,,,,,,,,,,,,,,
,,,Contas a pagar,1,1,,2026,jun,6/1/2026,6/10/2026,5/10/2026,6/10/2026,Setor Contabilidade,,,,Serviços de terceiros,Contabilidade,"Contadora - Referente ao Ms 6/2026 (Despesa recorrente)""",R$  300.00 ,, Pendente,,,,,,,,,,,,,,,,,,,,,,,,,,
,,,Contas a pagar,1,1,,2026,jul,7/1/2026,7/10/2026,6/10/2026,7/10/2026,Setor Contabilidade,,,,Serviços de terceiros,Contabilidade,"Contadora - Referente ao Ms 7/2026 (Despesa recorrente)""",R$  300.00 ,, Pendente,,,,,,,,,,,,,,,,,,,,,,,,,,
,,,Contas a pagar,1,1,,2026,ago,8/1/2026,8/10/2026,7/10/2026,8/10/2026,Setor Contabilidade,,,,Serviços de terceiros,Contabilidade,"Contadora - Referente ao Ms 8/2026 (Despesa recorrente)""",R$  300.00 ,, Pendente,,,,,,,,,,,,,,,,,,,,,,,,,,
,,,Contas a pagar,1,1,,2026,set,9/1/2026,9/10/2026,8/10/2026,9/10/2026,Setor Contabilidade,,,,Serviços de terceiros,Contabilidade,"Contadora - Referente ao Ms 9/2026 (Despesa recorrente)""",R$  300.00 ,, Pendente,,,,,,,,,,,,,,,,,,,,,,,,,,
,,,Contas a pagar,1,1,,2026,out,10/1/2026,10/10/2026,9/10/2026,10/10/2026,Setor Contabilidade,,,,Serviços de terceiros,Contabilidade,"Contadora - Referente ao Ms 10/2026 (Despesa recorrente)""",R$  300.00 ,, Pendente,,,,,,,,,,,,,,,,,,,,,,,,,,
,,,Contas a pagar,1,1,,2026,nov,11/1/2026,11/10/2026,10/10/2026,11/10/2026,Setor Contabilidade,,,,Serviços de terceiros,Contabilidade,"Contadora - Referente ao Ms 11/2026 (Despesa recorrente)""",R$  300.00 ,, Pendente,,,,,,,,,,,,,,,,,,,,,,,,,,
,,,Contas a pagar,1,1,,2026,dez,12/1/2026,12/10/2026,11/10/2026,12/10/2026,Setor Contabilidade,,,,Serviços de terceiros,Contabilidade,"Contadora - Referente ao Ms 12/2026 (Despesa recorrente)""",R$  300.00 ,, Pendente,,,,,,,,,,,,,,,,,,,,,,,,,,
,,,Contas a pagar,1,1,,2026,mar,3/1/2026,3/10/2026,10/10/2025,3/10/2026,,,ITAU - Principal,Cartão Inter,Despesas administrativas,Telefone,Parcela 3/10; Compra de tablet Mara,R$  145.77 ,, Pendente,,,,,,,,,,,,,,,,,,,,,,,,,,
,,,Contas a pagar,1,1,,2026,abr,4/1/2026,4/10/2026,10/10/2025,4/10/2026,,,ITAU - Principal,Cartão Inter,Despesas administrativas,Telefone,Parcela 4/10; Compra de tablet Mara,R$  145.77 ,, Pendente,,,,,,,,,,,,,,,,,,,,,,,,,,
,,,Contas a pagar,1,1,,2026,mai,5/1/2026,5/10/2026,10/10/2025,5/10/2026,,,ITAU - Principal,Cartão Inter,Despesas administrativas,Telefone,Parcela 5/10; Compra de tablet Mara,R$  145.77 ,, Pendente,,,,,,,,,,,,,,,,,,,,,,,,,,
,,,Contas a pagar,1,1,,2026,jun,6/1/2026,6/10/2026,10/10/2025,6/10/2026,,,ITAU - Principal,Cartão Inter,Despesas administrativas,Telefone,Parcela 6/10; Compra de tablet Mara,R$  145.77 ,, Pendente,,,,,,,,,,,,,,,,,,,,,,,,,,
,,,Contas a pagar,1,1,,2026,jul,7/1/2026,7/10/2026,10/10/2025,7/10/2026,,,ITAU - Principal,Cartão Inter,Despesas administrativas,Telefone,Parcela 7/10; Compra de tablet Mara,R$  145.77 ,, Pendente,,,,,,,,,,,,,,,,,,,,,,,,,,
,,,Contas a pagar,1,1,,2026,ago,8/1/2026,8/10/2026,10/10/2025,8/10/2026,,,ITAU - Principal,Cartão Inter,Despesas administrativas,Telefone,Parcela 8/10; Compra de tablet Mara,R$  145.77 ,, Pendente,,,,,,,,,,,,,,,,,,,,,,,,,,
,,,Contas a pagar,1,1,,2026,set,9/1/2026,9/10/2026,10/10/2025,9/10/2026,,,ITAU - Principal,Cartão Inter,Despesas administrativas,Telefone,Parcela 9/10; Compra de tablet Mara,R$  145.77 ,, Pendente,,,,,,,,,,,,,,,,,,,,,,,,,,
,,,Contas a pagar,1,1,,2026,out,10/1/2026,10/10/2026,10/10/2025,10/10/2026,,,ITAU - Principal,Cartão Inter,Despesas administrativas,Telefone,Parcela 10/10; Compra de tablet Mara,R$  145.77 ,, Pendente,,,,,,,,,,,,,,,,,,,,,,,,,,
,,,Contas a pagar,1,1,,2026,mar,3/1/2026,3/10/2026,10/10/2025,3/10/2026,,BRUTA MADEIRAS LTDA,ITAU - Principal,Cartão Inter,Custo dos serviços,Compra de material,Parcela 3/4; Compra de Material na Bruta,R$  142.85 ,, Pendente,,,,,,,,,,,,,,,,,,,,,,,,,,
,,,Contas a pagar,1,1,,2026,abr,4/1/2026,4/10/2026,10/10/2025,4/10/2026,,BRUTA MADEIRAS LTDA,ITAU - Principal,Cartão Inter,Custo dos serviços,Compra de material,Parcela 4/4; Compra de Material na Bruta,R$  142.85 ,, Pendente,,,,,,,,,,,,,,,,,,,,,,,,,,
,,,Contas a receber,1,1,,2026,mar,3/1/2026,3/12/2026,1/10/2026,3/12/2026,Serviço,,ITAU - Principal,PIX,Receita com prestação de serviços,Parcela - Plan.,Parcela 3/10; SERVIÇO TATIANA ESCRITÓRIO,R$  380.00 ,, Pendente,,,,,,,,,,,,,,,,,,,,,,,,,,
,,,Contas a receber,1,1,,2026,abr,4/1/2026,4/12/2026,1/10/2026,4/12/2026,Serviço,,ITAU - Principal,PIX,Receita com prestação de serviços,Parcela - Plan.,Parcela 4/10; SERVIÇO TATIANA ESCRITÓRIO,R$  380.00 ,, Pendente,,,,,,,,,,,,,,,,,,,,,,,,,,
,,,Contas a receber,1,1,,2026,mai,5/1/2026,5/12/2026,1/10/2026,5/12/2026,Serviço,,ITAU - Principal,PIX,Receita com prestação de serviços,Parcela - Plan.,Parcela 5/10; SERVIÇO TATIANA ESCRITÓRIO,R$  380.00 ,, Pendente,,,,,,,,,,,,,,,,,,,,,,,,,,
,,,Contas a receber,1,1,,2026,jun,6/1/2026,6/12/2026,1/10/2026,6/12/2026,Serviço,,ITAU - Principal,PIX,Receita com prestação de serviços,Parcela - Plan.,Parcela 6/10; SERVIÇO TATIANA ESCRITÓRIO,R$  380.00 ,, Pendente,,,,,,,,,,,,,,,,,,,,,,,,,,
,,,Contas a receber,1,1,,2026,jul,7/1/2026,7/12/2026,1/10/2026,7/12/2026,Serviço,,ITAU - Principal,PIX,Receita com prestação de serviços,Parcela - Plan.,Parcela 7/10; SERVIÇO TATIANA ESCRITÓRIO,R$  380.00 ,, Pendente,,,,,,,,,,,,,,,,,,,,,,,,,,
,,,Contas a receber,1,1,,2026,ago,8/1/2026,8/12/2026,1/10/2026,8/12/2026,Serviço,,ITAU - Principal,PIX,Receita com prestação de serviços,Parcela - Plan.,Parcela 8/10; SERVIÇO TATIANA ESCRITÓRIO,R$  380.00 ,, Pendente,,,,,,,,,,,,,,,,,,,,,,,,,,
,,,Contas a receber,1,1,,2026,set,9/1/2026,9/12/2026,1/10/2026,9/12/2026,Serviço,,ITAU - Principal,PIX,Receita com prestação de serviços,Parcela - Plan.,Parcela 9/10; SERVIÇO TATIANA ESCRITÓRIO,R$  380.00 ,, Pendente,,,,,,,,,,,,,,,,,,,,,,,,,,
,,,Contas a receber,1,1,,2026,out,10/1/2026,10/12/2026,1/10/2026,10/12/2026,Serviço,,ITAU - Principal,PIX,Receita com prestação de serviços,Parcela - Plan.,Parcela 10/10; SERVIÇO TATIANA ESCRITÓRIO,R$  380.00 ,, Pendente,,,,,,,,,,,,,,,,,,,,,,,,,,
,,,Contas a pagar,1,1,,2026,mar,3/1/2026,3/3/2026,1/2/2026,3/3/2026,,,ITAU - Principal,PIX,Despesas com pessoal,Salários,"Salario Juninho - Referente ao Ms 3/2026 (Despesa recorrente)""","R$  1,600.00 ",, Pendente,,,,,,,,,,,,,,,,,,,,,,,,,,
,,,Contas a pagar,1,1,,2026,abr,4/1/2026,4/3/2026,2/2/2026,4/3/2026,,,ITAU - Principal,PIX,Despesas com pessoal,Salários,"Salario Juninho - Referente ao Ms 4/2026 (Despesa recorrente)""","R$  1,600.00 ",, Pendente,,,,,,,,,,,,,,,,,,,,,,,,,,
,,,Contas a pagar,1,1,,2026,mai,5/1/2026,5/3/2026,3/2/2026,5/3/2026,,,ITAU - Principal,PIX,Despesas com pessoal,Salários,"Salario Juninho - Referente ao Ms 5/2026 (Despesa recorrente)""","R$  1,600.00 ",, Pendente,,,,,,,,,,,,,,,,,,,,,,,,,,
,,,Contas a pagar,1,1,,2026,jun,6/1/2026,6/3/2026,4/2/2026,6/3/2026,,,ITAU - Principal,PIX,Despesas com pessoal,Salários,"Salario Juninho - Referente ao Ms 6/2026 (Despesa recorrente)""","R$  1,600.00 ",, Pendente,,,,,,,,,,,,,,,,,,,,,,,,,,
,,,Contas a pagar,1,1,,2026,jul,7/1/2026,7/3/2026,5/2/2026,7/3/2026,,,ITAU - Principal,PIX,Despesas com pessoal,Salários,"Salario Juninho - Referente ao Ms 7/2026 (Despesa recorrente)""","R$  1,600.00 ",, Pendente,,,,,,,,,,,,,,,,,,,,,,,,,,
,,,Contas a pagar,1,1,,2026,ago,8/1/2026,8/3/2026,6/2/2026,8/3/2026,,,ITAU - Principal,PIX,Despesas com pessoal,Salários,"Salario Juninho - Referente ao Ms 8/2026 (Despesa recorrente)""","R$  1,600.00 ",, Pendente,,,,,,,,,,,,,,,,,,,,,,,,,,
,,,Contas a pagar,1,1,,2026,set,9/1/2026,9/3/2026,7/2/2026,9/3/2026,,,ITAU - Principal,PIX,Despesas com pessoal,Salários,"Salario Juninho - Referente ao Ms 9/2026 (Despesa recorrente)""","R$  1,600.00 ",, Pendente,,,,,,,,,,,,,,,,,,,,,,,,,,
,,,Contas a pagar,1,1,,2026,out,10/1/2026,10/3/2026,8/2/2026,10/3/2026,,,ITAU - Principal,PIX,Despesas com pessoal,Salários,"Salario Juninho - Referente ao Ms 10/2026 (Despesa recorrente)""","R$  1,600.00 ",, Pendente,,,,,,,,,,,,,,,,,,,,,,,,,,
,,,Contas a pagar,1,1,,2026,nov,11/1/2026,11/3/2026,9/2/2026,11/3/2026,,,ITAU - Principal,PIX,Despesas com pessoal,Salários,"Salario Juninho - Referente ao Ms 11/2026 (Despesa recorrente)""","R$  1,600.00 ",, Pendente,,,,,,,,,,,,,,,,,,,,,,,,,,
,,,Contas a pagar,1,1,,2026,dez,12/1/2026,12/3/2026,10/2/2026,12/3/2026,,,ITAU - Principal,PIX,Despesas com pessoal,Salários,"Salario Juninho - Referente ao Ms 12/2026 (Despesa recorrente)""","R$  1,600.00 ",, Pendente,,,,,,,,,,,,,,,,,,,,,,,,,,
,,,Contas a pagar,1,1,,2026,mar,3/1/2026,3/30/2026,2/27/2026,3/30/2026,,C H M MORAIS E CIA LTDA,ITAU - Principal,Boleto,Custo dos serviços,Compra de material,"Compra de Material C&D - Referente ao Ms 3/2026 (Despesa recorrente)""",R$  364.48 ,, Pendente,37567,,,,,,,,,,,,,,,,,,,,,,,,,
,,,Contas a pagar,1,1,,2026,abr,4/1/2026,4/28/2026,3/27/2026,4/28/2026,,C H M MORAIS E CIA LTDA,ITAU - Principal,Boleto,Custo dos serviços,Compra de material,"Compra de Material C&D - Referente ao Ms 4/2026 (Despesa recorrente)""",R$  364.48 ,, Pendente,37567,,,,,,,,,,,,,,,,,,,,,,,,,
,,,Contas a pagar,1,1,,2026,fev,2/1/2026,2/27/2026,1/27/2026,2/27/2026,,C H M MORAIS E CIA LTDA,ITAU - Principal,Boleto,Custo dos serviços,Compra de material,"Compra de Material C&D - Referente ao Ms 2/2026 (Despesa recorrente)""",R$  364.48 ,, Pendente,37567,,,,,,,,,,,,,,,,,,,,,,,,,
,,,Contas a pagar,1,1,,2026,mar,3/1/2026,3/5/2026,2/6/2026,3/5/2026,,C H M MORAIS E CIA LTDA,BANCO INTER - Principal,PIX,Custo dos serviços,Compra de material,Parcela 1/2; Compra de Material C&D,R$  380.50 ,, Pendente,37647,,,,,,,,,,,,,,,,,,,,,,,,,
,,,Contas a pagar,1,1,,2026,abr,4/1/2026,4/6/2026,2/6/2026,4/6/2026,,C H M MORAIS E CIA LTDA,BANCO INTER - Principal,PIX,Custo dos serviços,Compra de material,Parcela 2/2; Compra de Material C&D,R$  380.50 ,, Pendente,37647,,,,,,,,,,,,,,,,,,,,,,,,,
,,,Contas a receber,1,1,,2026,fev,2/1/2026,2/20/2026,2/4/2026,2/20/2026,Serviço Mariana,Mariana Alvarenga,ITAU - Principal,PIX,Receita com prestação de serviços,Valor Total,Valor total do serviço armario 3 portas,"R$  2,900.00 ",, Pendente,,,,,,,,,,,,,,,,,,,,,,,,,,
,,,Contas a pagar,1,1,,2026,mar,3/1/2026,3/10/2026,2/4/2026,3/10/2026,,BRUTA MADEIRAS LTDA,ITAU - Principal,Cartão Nubank,Custo dos serviços,Compra de material,Parcela 2/4; Compra de Material na Bruta,R$  375.50 ,, Pendente,,,,,,,,,,,,,,,,,,,,,,,,,,
,,,Contas a pagar,1,1,,2026,abr,4/1/2026,4/10/2026,2/4/2026,4/10/2026,,BRUTA MADEIRAS LTDA,ITAU - Principal,Cartão Nubank,Custo dos serviços,Compra de material,Parcela 3/4; Compra de Material na Bruta,R$  375.50 ,, Pendente,,,,,,,,,,,,,,,,,,,,,,,,,,
,,,Contas a pagar,1,1,,2026,mai,5/1/2026,5/10/2026,2/4/2026,5/10/2026,,BRUTA MADEIRAS LTDA,ITAU - Principal,Cartão Nubank,Custo dos serviços,Compra de material,Parcela 4/4; Compra de Material na Bruta,R$  375.50 ,, Pendente,,,,,,,,,,,,,,,,,,,,,,,,,,
,,,Contas a pagar,1,1,,2026,fev,2/1/2026,2/18/2026,2/4/2026,2/18/2026,,BRUTA MADEIRAS LTDA,ITAU - Principal,Cartão Nubank,Custo dos serviços,Compra de material,Parcela 1/4; Compra de Material na Bruta,R$  342.00 ,, Pendente,,,,,,,,,,,,,,,,,,,,,,,,,,
,,,Contas a pagar,1,1,,2026,mar,3/1/2026,3/4/2026,2/10/2026,3/4/2026,,Mercado Livre,ITAU - Principal,Cartão Mercado Pago,Custo dos serviços,Compra de material,Compra de dobradiça bang bang,R$  65.00 ,, Pendente,,,,,,,,,,,,,,,,,,,,,,,,,,
,,,Contas a receber,1,1,,2026,fev,2/1/2026,2/20/2026,2/10/2026,2/20/2026,,,ITAU - Principal,PIX,Receita com prestação de serviços,Valor Total,Porta Tatiana,R$  600.00 ,, Pendente,,,,,,,,,,,,,,,,,,,,,,,,,,
